1, 23, 3, 1, 0, 0, 0, 0, 0, 0, 0, 1, 0, 0, 0, 6, 0.5, 0, 0, 0, 0, 0, 0, 601000000, 0, 0
0, 11, 3, 0, 1, 0, 0, 0, 1, 0, 0, 0, 0, 0, 0, 7, 0.428571, 0, 0, 0, 0, 0, 0, 10100000, 0, 0
0, 0, 3, 0, 0, 0, 0, 1, 2, 0, 0, 0, 0, 0, 0, 8, 0.375, 0, 0, 0, 0, 0, 0, 513000000, 0, 0
1, 18, 3, 1, 0, 0, 2, 0, 1, 0, 0, 0, 0, 0, 0, 7, 0.428571, 0, 0, 0, 0, 0, 0, 484000000, 0, 0
10, 126, 3, 1, 0, 0, 1, 0, 1, 0, 0, 1, 0, 0, 0, 6, 0.5, 0, 0, 0, 0, 0, 0, 2740000, 0, 0
8, 36, 3, 2, 0, 0, 1, 0, 3, 0, 0, 2, 0, 0, 0, 8, 0.375, 0, 0, 0, 0, 0, 0, 11900000, 0, 0
2, 7, 5, 2, 0, 0, 1, 0, 2, 1, 0, 3, 0, 0, 0, 11, 0.454545, 0, 1, 0, 0, 0, 0, 999000, 0, 0
1, 4, 6, 1, 0, 0, 2, 0, 2, 0, 0, 3, 0, 0, 0, 13, 0.461538, 0, 0, 0, 0, 0, 1, 10200000, 0, 0
1, 15, 5, 0, 0, 0, 2, 0, 0, 1, 0, 0, 0, 0, 0, 10, 0.5, 0, 1, 0, 0, 0, 0, 21700000, 0, 0
9, 89, 4, 0, 0, 0, 1, 0, 0, 0, 0, 1, 0, 0, 0, 8, 0.5, 0, 0, 0, 0, 0, 0, 8400000, 0, 0
6, 92, 3, 0, 0, 0, 1, 0, 1, 0, 0, 0, 0, 0, 0, 6, 0.5, 0, 0, 0, 0, 0, 0, 3540000, 0, 0
11, 48, 4, 0, 0, 0, 0, 0, 0, 2, 0, 0, 0, 0, 0, 8, 0.5, 0, 0, 0, 0, 0, 0, 7340000, 0, 0
1, 12, 5, 1, 0, 0, 1, 0, 1, 0, 0, 2, 0, 0, 0, 11, 0.454545, 0, 0, 0, 0, 0, 0, 116000000, 0, 0
1, 33, 3, 0, 0, 0, 2, 0, 2, 0, 0, 0, 1, 0, 0, 8, 0.375, 1, 0, 0, 0, 0, 0, 10800000, 0, 0
6, 34, 3, 0, 0, 0, 0, 0, 1, 1, 0, 1, 0, 0, 0, 7, 0.428571, 1, 0, 0, 0, 0, 0, 1330000, 0, 0
6, 20, 4, 1, 1, 0, 0, 0, 0, 0, 0, 1, 0, 0, 0, 8, 0.5, 0, 0, 0, 0, 0, 0, 3780000, 0, 0
5, 50, 3, 0, 0, 0, 0, 0, 0, 2, 0, 1, 0, 0, 0, 7, 0.428571, 0, 0, 0, 0, 0, 0, 10800000, 0, 0
2, 51, 3, 0, 0, 0, 0, 0, 1, 0, 0, 2, 0, 0, 0, 6, 0.5, 0, 0, 0, 0, 0, 0, 1130000, 0, 0
2, 12, 4, 2, 0, 0, 1, 0, 2, 0, 0, 2, 0, 0, 0, 9, 0.444444, 0, 1, 0, 0, 0, 0, 1210000, 0, 0
2, 2, 6, 0, 0, 0, 0, 0, 2, 0, 0, 0, 0, 0, 0, 10, 0.6, 0, 1, 0, 0, 0, 0, 30500000, 1, 0
5, 21, 5, 0, 0, 0, 1, 0, 2, 0, 0, 1, 0, 0, 0, 10, 0.5, 0, 0, 0, 0, 0, 0, 5880000, 0, 0
26, 413, 3, 0, 0, 0, 0, 0, 0, 0, 0, 0, 0, 1, 0, 4, 0.75, 0, 1, 0, 0, 0, 0, 177000000, 0, 1
9, 67, 4, 0, 1, 0, 0, 0, 1, 0, 0, 0, 0, 1, 0, 7, 0.571429, 0, 0, 0, 1, 0, 0, 7180000, 1, 0
7, 71, 4, 0, 0, 1, 1, 0, 2, 0, 0, 0, 0, 0, 0, 8, 0.5, 0, 0, 0, 0, 1, 0, 1260000, 0, 0
22, 413, 3, 0, 0, 1, 0, 0, 1, 0, 0, 0, 0, 0, 0, 5, 0.6, 0, 0, 0, 1, 1, 0, 273000000, 0, 0
0, 0, 4, 0, 0, 0, 0, 0, 3, 1, 0, 0, 0, 0, 0, 10, 0.4, 0, 0, 0, 0, 0, 0, 529000000, 0, 0
4, 33, 3, 0, 0, 0, 0, 0, 2, 0, 0, 1, 0, 0, 0, 7, 0.428571, 0, 0, 0, 0, 0, 0, 30800000, 0, 0
1, 1, 7, 1, 0, 0, 2, 0, 1, 1, 0, 1, 0, 0, 0, 14, 0.5, 0, 1, 0, 0, 0, 0, 1700000, 0, 0
1, 2, 6, 0, 1, 0, 0, 0, 1, 2, 0, 0, 0, 0, 0, 10, 0.6, 0, 1, 0, 0, 0, 0, 3090000, 0, 0
7, 61, 5, 1, 0, 0, 0, 0, 1, 0, 0, 1, 0, 0, 0, 8, 0.625, 0, 1, 0, 0, 0, 0, 771000, 0, 0
1, 5, 4, 0, 0, 0, 0, 0, 3, 0, 0, 2, 0, 0, 0, 9, 0.444444, 0, 0, 0, 0, 0, 0, 40200000, 0, 0
7, 24, 4, 1, 0, 0, 0, 0, 0, 2, 0, 1, 0, 0, 0, 8, 0.5, 0, 1, 0, 0, 0, 0, 199000000, 0, 0
7, 84, 4, 0, 0, 0, 1, 0, 2, 2, 0, 0, 0, 0, 0, 8, 0.5, 0, 0, 0, 1, 0, 0, 79500000, 0, 0
6, 31, 4, 0, 0, 0, 0, 0, 0, 1, 0, 0, 0, 1, 0, 7, 0.571429, 0, 1, 0, 0, 0, 0, 41100000, 1, 0
1, 3, 5, 0, 0, 0, 0, 0, 1, 3, 0, 0, 0, 0, 0, 11, 0.454545, 1, 0, 0, 0, 0, 0, 3, 0, 0
2, 3, 5, 0, 0, 0, 1, 0, 2, 3, 0, 0, 0, 0, 0, 12, 0.416667, 1, 0, 0, 0, 0, 0, 54700, 0, 0
9, 36, 4, 1, 0, 1, 0, 0, 2, 0, 0, 0, 0, 0, 0, 10, 0.4, 0, 0, 0, 0, 1, 0, 13500000, 0, 0
4, 100, 3, 0, 0, 0, 0, 0, 0, 0, 1, 0, 0, 0, 0, 4, 0.75, 0, 1, 0, 0, 0, 0, 269000000, 0, 0
0, 0, 6, 1, 0, 0, 0, 0, 0, 2, 1, 1, 0, 0, 0, 12, 0.5, 0, 1, 0, 0, 0, 0, 268000000, 0, 0
1, 27, 4, 1, 0, 0, 1, 0, 2, 0, 0, 1, 0, 0, 0, 8, 0.5, 0, 0, 0, 0, 0, 0, 13900, 0, 0
14, 129, 3, 1, 0, 0, 1, 0, 3, 0, 0, 1, 0, 0, 0, 7, 0.428571, 0, 0, 0, 0, 0, 0, 6630000, 0, 0
3, 4, 6, 0, 0, 0, 0, 0, 2, 0, 1, 0, 0, 0, 0, 12, 0.5, 0, 1, 0, 0, 0, 0, 34900000, 0, 0
6, 33, 4, 1, 0, 0, 1, 0, 4, 0, 0, 1, 1, 0, 1, 10, 0.4, 1, 0, 0, 0, 0, 1, 1490000, 0, 0
10, 78, 3, 0, 0, 0, 1, 0, 4, 0, 0, 0, 0, 0, 1, 8, 0.375, 0, 0, 0, 0, 0, 1, 1860000, 0, 0
6, 65, 4, 0, 0, 0, 1, 0, 4, 1, 0, 0, 0, 0, 1, 10, 0.4, 0, 0, 0, 0, 0, 1, 2110000, 0, 0
2, 3, 5, 0, 1, 0, 0, 0, 2, 0, 0, 0, 0, 0, 0, 9, 0.555556, 0, 1, 0, 0, 0, 0, 1300000, 1, 0
6, 39, 5, 0, 0, 0, 2, 0, 2, 1, 0, 1, 0, 0, 0, 9, 0.555556, 0, 0, 0, 1, 0, 0, 2210000, 0, 0
6, 17, 5, 0, 0, 0, 1, 0, 2, 0, 0, 1, 0, 0, 0, 9, 0.555556, 0, 1, 0, 0, 0, 0, 1810000, 0, 0
19, 304, 2, 0, 0, 0, 1, 0, 1, 0, 0, 0, 0, 0, 0, 3, 0.666667, 0, 0, 0, 1, 0, 0, 222000000, 0, 0
6, 127, 2, 0, 0, 0, 0, 0, 0, 1, 0, 0, 0, 0, 0, 4, 0.5, 0, 0, 0, 1, 0, 0, 2830000, 0, 0
7, 85, 4, 0, 0, 0, 0, 0, 0, 1, 1, 0, 0, 0, 0, 6, 0.666667, 0, 1, 0, 0, 0, 0, 124000000, 0, 0
1, 5, 4, 1, 0, 0, 1, 0, 1, 0, 0, 1, 0, 0, 0, 7, 0.571429, 0, 1, 0, 0, 0, 0, 8450000, 1, 0
37, 638, 2, 0, 0, 0, 0, 1, 0, 0, 0, 0, 0, 0, 0, 3, 0.666667, 0, 0, 0, 1, 0, 0, 29700000, 0, 0
11, 246, 2, 0, 0, 0, 0, 1, 1, 0, 0, 0, 0, 0, 0, 4, 0.5, 0, 0, 0, 1, 0, 0, 72500000, 0, 0
7, 51, 4, 0, 0, 0, 0, 1, 1, 1, 0, 1, 0, 0, 0, 8, 0.5, 0, 0, 0, 0, 0, 0, 3740000, 0, 0
3, 13, 6, 0, 0, 0, 0, 1, 0, 3, 0, 0, 0, 0, 0, 12, 0.5, 0, 1, 0, 0, 0, 0, 27000000, 1, 0
12, 121, 2, 0, 0, 0, 1, 0, 1, 0, 0, 0, 0, 0, 0, 4, 0.5, 0, 0, 0, 1, 0, 0, 131000000, 0, 0
27, 516, 2, 0, 0, 0, 0, 0, 0, 1, 0, 0, 0, 0, 0, 3, 0.666667, 0, 0, 0, 1, 0, 0, 280000000, 0, 0
21, 463, 2, 0, 0, 0, 1, 0, 1, 1, 0, 0, 0, 0, 0, 4, 0.5, 0, 0, 0, 1, 0, 0, 382000000, 0, 0
10, 204, 3, 0, 0, 0, 0, 0, 0, 1, 0, 0, 0, 0, 0, 4, 0.75, 0, 1, 0, 0, 0, 0, 53300, 0, 0
13, 171, 3, 1, 0, 0, 0, 0, 2, 0, 0, 1, 0, 0, 0, 6, 0.5, 0, 1, 0, 0, 0, 0, 13400000, 0, 0
8, 124, 3, 1, 1, 0, 0, 0, 0, 0, 0, 1, 0, 0, 0, 6, 0.5, 0, 0, 0, 1, 0, 0, 563000, 0, 0
5, 78, 3, 1, 1, 0, 0, 0, 0, 0, 0, 1, 0, 0, 0, 6, 0.5, 0, 0, 0, 1, 0, 0, 960000, 0, 0
34, 461, 2, 1, 1, 0, 0, 0, 0, 0, 0, 1, 0, 0, 0, 4, 0.5, 0, 0, 0, 1, 0, 0, 152000000, 0, 0
27, 286, 2, 1, 0, 0, 0, 0, 1, 1, 0, 1, 0, 0, 0, 5, 0.4, 0, 0, 0, 1, 0, 0, 9430000, 0, 0
17, 281, 2, 1, 0, 0, 0, 0, 0, 1, 0, 1, 0, 0, 0, 5, 0.4, 0, 0, 0, 0, 0, 0, 121000000, 0, 0
2, 28, 3, 3, 0, 0, 0, 0, 0, 0, 0, 3, 0, 0, 0, 6, 0.5, 0, 1, 0, 0, 0, 0, 3340000, 0, 0
14, 215, 2, 1, 0, 0, 1, 0, 1, 1, 0, 1, 0, 0, 0, 6, 0.333333, 0, 0, 0, 0, 0, 0, 1480000, 0, 0
9, 63, 3, 1, 0, 0, 1, 0, 1, 1, 0, 1, 0, 0, 0, 8, 0.375, 0, 0, 0, 0, 0, 0, 75700000, 0, 0
8, 121, 2, 1, 0, 0, 0, 0, 1, 0, 0, 1, 0, 0, 0, 5, 0.4, 0, 0, 0, 1, 0, 0, 3330000, 0, 0
25, 425, 1, 1, 0, 0, 0, 0, 0, 0, 0, 1, 0, 0, 0, 2, 0.5, 0, 0, 0, 1, 0, 0, 5700000000, 0, 0
10, 134, 2, 2, 0, 0, 0, 0, 1, 0, 0, 2, 0, 0, 0, 5, 0.4, 0, 0, 0, 1, 0, 0, 28900000, 0, 0
13, 204, 2, 1, 0, 0, 0, 0, 2, 0, 0, 1, 0, 0, 1, 5, 0.4, 0, 0, 0, 0, 0, 1, 171000000, 0, 0
4, 31, 7, 1, 0, 0, 1, 0, 1, 1, 0, 1, 0, 0, 0, 12, 0.583333, 0, 1, 0, 0, 0, 0, 3400000, 0, 0
4, 10, 6, 1, 0, 0, 2, 0, 1, 1, 0, 1, 0, 0, 0, 11, 0.545455, 0, 1, 0, 0, 0, 0, 1810000, 0, 0
3, 4, 4, 1, 1, 0, 0, 0, 1, 2, 0, 1, 0, 0, 0, 9, 0.444444, 0, 0, 0, 0, 0, 0, 1340000, 0, 0
3, 5, 4, 1, 1, 0, 1, 0, 2, 2, 0, 1, 0, 0, 0, 10, 0.4, 0, 0, 0, 0, 0, 0, 1170000, 0, 0
2, 2, 5, 2, 0, 0, 0, 0, 1, 0, 0, 2, 0, 0, 0, 10, 0.5, 0, 1, 0, 0, 0, 0, 69700000, 0, 0
12, 264, 2, 1, 0, 0, 0, 0, 0, 1, 0, 1, 0, 0, 0, 4, 0.5, 0, 1, 0, 0, 0, 0, 551000000, 0, 0
3, 5, 5, 2, 0, 0, 0, 0, 0, 2, 0, 2, 0, 0, 0, 10, 0.5, 0, 1, 0, 0, 0, 0, 42500000, 0, 0
6, 60, 3, 1, 0, 0, 1, 0, 3, 1, 0, 1, 0, 0, 1, 8, 0.375, 0, 0, 0, 0, 0, 1, 1810000, 0, 0
9, 98, 2, 1, 0, 0, 0, 0, 1, 1, 0, 1, 0, 0, 0, 6, 0.333333, 0, 0, 0, 0, 0, 0, 121000000, 0, 0
4, 12, 5, 1, 0, 0, 1, 0, 1, 2, 1, 1, 0, 0, 0, 11, 0.454545, 0, 1, 0, 0, 0, 0, 617000, 0, 0
9, 221, 2, 1, 0, 0, 0, 0, 1, 0, 0, 1, 0, 0, 0, 4, 0.5, 0, 0, 0, 1, 0, 0, 18200000, 0, 0
6, 93, 3, 1, 0, 0, 1, 0, 1, 0, 1, 1, 0, 0, 0, 6, 0.5, 0, 1, 0, 0, 0, 0, 32200000, 1, 0
21, 264, 2, 1, 0, 0, 0, 0, 2, 0, 0, 1, 0, 0, 1, 5, 0.4, 0, 0, 0, 0, 0, 1, 13600000, 1, 0
6, 74, 3, 2, 0, 0, 1, 0, 1, 0, 0, 2, 0, 0, 0, 7, 0.428571, 0, 0, 0, 0, 0, 0, 6130000, 0, 0
13, 185, 2, 1, 0, 0, 1, 0, 1, 0, 0, 1, 0, 0, 0, 5, 0.4, 0, 0, 0, 0, 0, 0, 46100000, 1, 0
8, 72, 4, 1, 0, 0, 0, 0, 3, 0, 0, 1, 0, 0, 1, 9, 0.444444, 0, 0, 0, 0, 0, 1, 28700000, 0, 0
2, 8, 5, 1, 0, 0, 2, 0, 2, 1, 0, 1, 0, 0, 0, 11, 0.454545, 0, 0, 0, 1, 0, 0, 1240000, 0, 0
1, 23, 3, 0, 1, 0, 0, 0, 2, 1, 0, 0, 0, 0, 1, 8, 0.375, 0, 0, 0, 0, 0, 1, 2770000, 0, 0
4, 29, 2, 0, 0, 0, 0, 0, 0, 2, 0, 0, 0, 0, 0, 7, 0.285714, 0, 0, 0, 0, 0, 0, 186000000, 0, 0
7, 71, 3, 0, 0, 0, 1, 0, 0, 2, 0, 0, 0, 0, 0, 7, 0.428571, 0, 1, 0, 0, 0, 0, 38400000, 0, 0
23, 350, 2, 0, 0, 0, 0, 0, 1, 1, 0, 0, 0, 0, 0, 6, 0.333333, 0, 0, 0, 0, 0, 0, 18000000, 0, 0
12, 149, 5, 0, 0, 0, 1, 0, 2, 2, 0, 0, 0, 0, 0, 11, 0.454545, 0, 1, 0, 0, 0, 0, 52200, 0, 0
4, 36, 3, 0, 0, 0, 0, 0, 0, 1, 0, 2, 0, 0, 0, 8, 0.375, 0, 0, 0, 0, 0, 0, 84400000, 0, 0
14, 197, 2, 0, 0, 0, 0, 0, 2, 0, 0, 0, 0, 0, 0, 6, 0.333333, 0, 0, 0, 0, 0, 0, 31000000, 0, 0
13, 192, 2, 0, 0, 0, 0, 0, 1, 1, 0, 0, 0, 0, 0, 6, 0.333333, 0, 0, 0, 0, 0, 0, 10800000, 0, 0
2, 5, 3, 0, 0, 0, 0, 0, 2, 0, 0, 0, 0, 0, 0, 8, 0.375, 0, 0, 0, 0, 0, 0, 34600000, 0, 0
5, 60, 3, 0, 0, 0, 1, 0, 1, 1, 0, 0, 0, 0, 0, 7, 0.428571, 0, 0, 0, 0, 0, 0, 8860000, 0, 0
3, 4, 5, 0, 0, 0, 1, 0, 2, 0, 0, 0, 1, 0, 0, 12, 0.416667, 1, 0, 0, 0, 0, 0, 1140000, 0, 0
19, 349, 2, 0, 0, 0, 0, 1, 0, 0, 0, 0, 0, 0, 0, 4, 0.5, 0, 0, 0, 1, 0, 0, 11300000, 0, 0
11, 114, 3, 0, 0, 0, 2, 0, 1, 0, 0, 0, 0, 0, 0, 6, 0.5, 0, 0, 0, 1, 0, 0, 2370000, 0, 0
2, 5, 4, 1, 0, 0, 1, 0, 3, 0, 0, 0, 0, 0, 1, 10, 0.4, 0, 0, 0, 0, 0, 1, 492000, 0, 0
0, 0, 3, 0, 0, 0, 1, 0, 1, 2, 0, 0, 0, 0, 0, 9, 0.333333, 0, 0, 0, 0, 0, 0, 2510000, 0, 0
19, 422, 2, 0, 0, 0, 1, 0, 0, 1, 0, 0, 0, 0, 0, 4, 0.5, 0, 0, 0, 1, 0, 0, 176000000, 0, 0
4, 15, 4, 0, 0, 0, 1, 0, 2, 1, 1, 0, 0, 0, 0, 10, 0.4, 0, 0, 0, 0, 0, 0, 1910000, 0, 0
1, 4, 6, 1, 0, 0, 3, 0, 1, 1, 0, 0, 0, 0, 0, 12, 0.5, 0, 1, 0, 0, 0, 0, 3890000, 0, 0
11, 305, 2, 0, 0, 0, 1, 0, 2, 0, 0, 0, 0, 0, 0, 5, 0.4, 0, 0, 0, 0, 0, 0, 62300000, 0, 0
3, 15, 4, 0, 0, 0, 0, 0, 2, 0, 0, 0, 0, 0, 0, 8, 0.5, 0, 1, 0, 0, 0, 0, 166000, 0, 0
30, 469, 2, 1, 0, 0, 0, 0, 0, 0, 0, 1, 0, 0, 0, 4, 0.5, 0, 0, 0, 1, 0, 0, 3220000, 0, 0
11, 274, 2, 0, 1, 0, 0, 0, 0, 1, 0, 0, 0, 0, 0, 5, 0.4, 0, 0, 0, 1, 0, 0, 2490000, 0, 0
12, 173, 2, 0, 1, 0, 0, 0, 1, 0, 0, 0, 0, 0, 0, 5, 0.4, 0, 0, 0, 1, 0, 0, 9270000, 0, 0
7, 117, 3, 0, 1, 0, 0, 0, 0, 0, 0, 0, 0, 0, 0, 5, 0.6, 0, 1, 0, 0, 0, 0, 1640000, 0, 0
8, 168, 3, 0, 0, 0, 0, 0, 0, 0, 0, 0, 0, 0, 0, 5, 0.6, 0, 1, 0, 0, 0, 0, 4880000, 0, 0
11, 261, 2, 0, 0, 0, 0, 0, 1, 1, 0, 0, 0, 0, 0, 5, 0.4, 0, 0, 0, 1, 0, 0, 73600000, 0, 0
6, 55, 5, 0, 0, 0, 1, 0, 2, 1, 0, 0, 0, 0, 0, 9, 0.555556, 0, 1, 0, 0, 0, 0, 3030000, 0, 0
2, 11, 5, 0, 0, 0, 1, 0, 1, 2, 0, 0, 0, 0, 0, 11, 0.454545, 0, 1, 0, 0, 0, 0, 20900000, 0, 0
3, 18, 4, 0, 0, 0, 1, 0, 2, 2, 0, 0, 0, 0, 0, 10, 0.4, 0, 0, 0, 0, 0, 0, 24400000, 0, 0
0, 1, 6, 0, 0, 0, 2, 0, 2, 2, 0, 0, 0, 0, 0, 13, 0.461538, 0, 1, 0, 0, 0, 0, 202000, 0, 0
2, 10, 3, 1, 0, 0, 0, 0, 1, 1, 0, 1, 0, 0, 0, 8, 0.375, 1, 0, 0, 0, 0, 0, 1420000, 0, 0
6, 55, 2, 0, 0, 0, 0, 0, 1, 1, 0, 0, 0, 0, 0, 6, 0.333333, 1, 0, 0, 0, 0, 0, 41900000, 0, 0
1, 3, 6, 0, 0, 0, 1, 0, 0, 3, 0, 0, 0, 0, 0, 12, 0.5, 0, 1, 0, 0, 0, 0, 78200000, 1, 0
0, 2, 2, 0, 0, 0, 0, 0, 0, 2, 0, 0, 0, 0, 0, 6, 0.333333, 0, 0, 0, 0, 0, 0, 1410000000, 0, 0
6, 42, 4, 0, 0, 0, 1, 0, 2, 1, 0, 0, 0, 0, 0, 10, 0.4, 0, 0, 0, 0, 0, 0, 11400000, 0, 0
3, 19, 4, 0, 0, 0, 1, 0, 0, 2, 0, 0, 0, 0, 0, 8, 0.5, 0, 1, 1, 0, 0, 0, 33200000, 0, 0
2, 13, 4, 0, 0, 0, 1, 0, 0, 2, 0, 0, 0, 0, 0, 9, 0.444444, 0, 1, 0, 0, 0, 0, 46200000, 0, 0
6, 45, 4, 0, 1, 0, 1, 0, 2, 1, 0, 1, 0, 0, 0, 10, 0.4, 0, 0, 0, 0, 0, 0, 4320000, 0, 0
8, 35, 3, 0, 1, 0, 0, 0, 0, 2, 0, 0, 0, 0, 0, 8, 0.375, 0, 0, 0, 0, 0, 0, 92500000, 1, 0
5, 40, 3, 0, 0, 0, 0, 0, 0, 2, 0, 0, 0, 0, 0, 7, 0.428571, 0, 0, 0, 0, 0, 0, 26700000, 0, 0
2, 11, 4, 1, 0, 0, 2, 0, 3, 2, 0, 0, 0, 0, 0, 12, 0.333333, 0, 0, 0, 0, 0, 0, 1050000, 0, 0
4, 27, 4, 0, 0, 0, 1, 0, 1, 1, 0, 0, 0, 1, 0, 8, 0.5, 0, 1, 0, 0, 0, 0, 27400000, 1, 0
7, 49, 3, 0, 0, 0, 2, 0, 2, 1, 0, 0, 0, 0, 0, 8, 0.375, 0, 0, 0, 0, 0, 0, 46400000, 0, 0
5, 12, 3, 0, 0, 0, 0, 0, 1, 2, 0, 0, 0, 0, 0, 9, 0.333333, 1, 0, 0, 0, 0, 0, 1730000, 0, 0
11, 73, 3, 0, 0, 0, 0, 0, 0, 2, 0, 0, 0, 0, 0, 8, 0.375, 0, 0, 0, 0, 0, 0, 11400000, 0, 0
1, 2, 4, 0, 1, 0, 0, 0, 4, 1, 0, 0, 0, 0, 1, 12, 0.333333, 1, 0, 0, 0, 0, 1, 899000, 0, 0
0, 5, 4, 1, 0, 0, 0, 0, 1, 2, 0, 1, 0, 0, 0, 9, 0.444444, 0, 0, 0, 0, 0, 0, 865000, 1, 0
6, 17, 4, 1, 0, 0, 2, 0, 3, 2, 0, 0, 0, 0, 0, 12, 0.333333, 0, 0, 0, 0, 0, 0, 894000, 0, 0
1, 5, 5, 1, 0, 0, 2, 0, 2, 2, 0, 0, 0, 0, 0, 12, 0.416667, 0, 1, 0, 0, 0, 0, 12100000, 0, 0
0, 0, 6, 0, 0, 0, 2, 0, 1, 2, 0, 0, 0, 0, 0, 14, 0.428571, 0, 1, 0, 0, 0, 0, 8740000, 0, 0
16, 262, 3, 0, 0, 0, 0, 0, 1, 0, 0, 1, 0, 0, 0, 6, 0.5, 0, 1, 0, 0, 0, 0, 38400000, 0, 0
5, 34, 4, 0, 0, 0, 1, 0, 1, 1, 0, 0, 0, 0, 0, 9, 0.444444, 0, 1, 0, 0, 0, 0, 9410000, 0, 0
14, 224, 3, 0, 0, 0, 0, 0, 1, 0, 0, 0, 0, 0, 0, 5, 0.6, 0, 1, 0, 0, 0, 0, 5320000, 0, 0
4, 17, 4, 0, 0, 0, 0, 0, 1, 1, 1, 1, 0, 0, 0, 8, 0.5, 0, 1, 0, 0, 0, 0, 65500000, 1, 1
9, 304, 2, 0, 0, 0, 0, 0, 1, 0, 1, 0, 0, 0, 0, 4, 0.5, 0, 1, 0, 0, 0, 0, 146000000, 0, 1
13, 342, 3, 0, 0, 0, 1, 0, 2, 0, 1, 0, 0, 0, 0, 6, 0.5, 0, 1, 0, 0, 0, 0, 65900000, 0, 1
18, 248, 3, 0, 0, 0, 0, 0, 0, 1, 1, 1, 0, 0, 0, 6, 0.5, 0, 1, 0, 0, 0, 0, 274000000, 1, 1
11, 137, 3, 0, 0, 0, 1, 0, 1, 1, 1, 0, 0, 0, 0, 7, 0.428571, 0, 1, 0, 0, 0, 0, 21600000, 1, 1
6, 117, 3, 0, 0, 0, 0, 0, 1, 0, 1, 0, 0, 0, 0, 6, 0.5, 0, 1, 0, 0, 0, 0, 89900000, 1, 1
9, 108, 3, 0, 0, 0, 0, 0, 1, 0, 1, 0, 0, 0, 0, 6, 0.5, 0, 1, 0, 0, 0, 0, 92200000, 1, 0
12, 147, 3, 0, 0, 0, 1, 0, 1, 0, 1, 0, 0, 0, 0, 6, 0.5, 0, 1, 0, 0, 0, 0, 34100000, 0, 0
15, 239, 3, 1, 0, 0, 0, 0, 0, 0, 1, 0, 0, 0, 0, 5, 0.6, 0, 1, 0, 0, 0, 0, 9010000, 0, 0
9, 103, 4, 0, 0, 0, 1, 0, 1, 0, 1, 2, 0, 0, 0, 8, 0.5, 0, 1, 0, 0, 0, 0, 29500000, 1, 0
3, 25, 2, 0, 0, 0, 1, 0, 2, 0, 0, 0, 0, 0, 0, 6, 0.333333, 0, 0, 0, 0, 0, 0, 13700000, 0, 0
3, 46, 3, 0, 0, 0, 1, 0, 3, 0, 0, 0, 0, 0, 0, 7, 0.428571, 0, 0, 0, 1, 0, 0, 12100000, 0, 0
1, 11, 4, 0, 0, 0, 0, 0, 0, 0, 0, 1, 0, 1, 0, 7, 0.571429, 0, 1, 0, 0, 0, 0, 904000000, 0, 1
1, 71, 2, 0, 0, 0, 0, 0, 1, 0, 0, 1, 0, 0, 0, 5, 0.4, 0, 0, 0, 1, 0, 0, 2720000000, 0, 0
0, 3, 3, 0, 0, 0, 0, 0, 1, 1, 0, 1, 0, 0, 0, 9, 0.333333, 0, 0, 0, 0, 0, 0, 321000000, 0, 0
1, 30, 3, 0, 0, 0, 1, 0, 1, 0, 0, 1, 0, 0, 0, 7, 0.428571, 0, 0, 0, 0, 0, 0, 532000000, 0, 0
0, 6, 3, 0, 1, 0, 0, 0, 0, 1, 0, 1, 0, 0, 0, 8, 0.375, 0, 0, 0, 0, 0, 0, 634000000, 0, 0
0, 0, 7, 2, 0, 1, 0, 0, 1, 1, 0, 3, 0, 0, 0, 14, 0.5, 0, 1, 0, 0, 1, 0, 1430000, 0, 0
0, 0, 3, 0, 0, 0, 0, 1, 2, 0, 0, 1, 0, 0, 0, 9, 0.333333, 0, 0, 0, 0, 0, 0, 179000000, 0, 0
0, 4, 3, 0, 0, 0, 1, 0, 3, 0, 0, 1, 0, 0, 0, 9, 0.333333, 0, 0, 0, 0, 0, 0, 162000000, 0, 0
1, 19, 2, 0, 0, 0, 0, 0, 1, 1, 0, 1, 0, 0, 0, 6, 0.333333, 0, 0, 0, 0, 0, 0, 1520000000, 0, 0
0, 4, 3, 0, 0, 0, 0, 0, 2, 0, 0, 1, 0, 0, 1, 8, 0.375, 0, 0, 0, 0, 0, 1, 94100000, 0, 0
0, 0, 4, 1, 0, 0, 0, 0, 1, 0, 0, 2, 0, 0, 0, 9, 0.444444, 0, 1, 0, 0, 0, 0, 149000000, 0, 0
10, 166, 2, 1, 0, 0, 0, 0, 0, 1, 0, 2, 0, 0, 0, 5, 0.4, 0, 0, 0, 1, 0, 0, 62000000, 0, 0
9, 112, 2, 1, 0, 0, 0, 0, 1, 0, 0, 2, 0, 0, 0, 5, 0.4, 0, 0, 0, 1, 0, 0, 8680000, 0, 0
2, 18, 4, 1, 0, 0, 0, 0, 1, 0, 0, 4, 0, 0, 0, 9, 0.444444, 0, 0, 0, 1, 0, 0, 10500000, 0, 0
8, 106, 3, 1, 0, 0, 0, 0, 0, 0, 0, 2, 0, 0, 0, 5, 0.6, 0, 1, 0, 0, 0, 0, 9340000, 0, 0
3, 74, 2, 0, 0, 0, 1, 0, 1, 0, 0, 1, 0, 0, 0, 5, 0.4, 0, 0, 0, 1, 0, 0, 105000000, 0, 0
5, 33, 4, 0, 0, 0, 0, 0, 0, 0, 1, 2, 0, 0, 0, 7, 0.571429, 0, 1, 0, 0, 0, 0, 1650000, 0, 0
12, 198, 2, 0, 1, 0, 0, 0, 1, 0, 0, 1, 0, 0, 0, 5, 0.4, 0, 0, 0, 1, 0, 0, 84900000, 0, 0
9, 162, 2, 0, 1, 0, 0, 0, 0, 1, 0, 1, 0, 0, 0, 5, 0.4, 0, 0, 0, 1, 0, 0, 9400000, 0, 0
0, 5, 3, 0, 0, 0, 0, 0, 1, 1, 0, 1, 0, 0, 0, 7, 0.428571, 0, 0, 0, 0, 0, 0, 433000000, 0, 0
5, 86, 2, 0, 0, 0, 0, 0, 1, 1, 0, 1, 0, 0, 0, 6, 0.333333, 1, 0, 0, 0, 0, 0, 232000000, 0, 0
2, 31, 3, 0, 0, 0, 1, 0, 2, 0, 0, 1, 0, 0, 0, 7, 0.428571, 0, 0, 0, 0, 0, 0, 1210000, 0, 0
2, 6, 6, 0, 0, 0, 0, 0, 2, 1, 0, 1, 0, 0, 0, 12, 0.5, 0, 1, 0, 0, 0, 0, 1610000, 0, 0
6, 21, 4, 0, 0, 0, 1, 0, 5, 0, 0, 1, 0, 0, 2, 10, 0.4, 0, 0, 0, 0, 0, 1, 129000000, 0, 0
9, 85, 4, 0, 0, 0, 1, 0, 1, 1, 0, 2, 0, 0, 0, 10, 0.4, 0, 0, 0, 0, 0, 0, 1080000, 0, 0
8, 130, 2, 0, 0, 0, 1, 0, 1, 0, 0, 2, 0, 0, 0, 5, 0.4, 0, 0, 0, 0, 0, 0, 516000000, 0, 0
6, 43, 4, 0, 0, 1, 1, 0, 1, 1, 0, 2, 0, 0, 0, 10, 0.4, 0, 0, 0, 0, 1, 0, 834000, 0, 0
4, 10, 5, 0, 0, 0, 3, 0, 2, 2, 0, 1, 0, 0, 0, 11, 0.454545, 0, 1, 0, 0, 0, 0, 79000, 0, 0
2, 2, 6, 1, 0, 0, 1, 0, 1, 1, 0, 3, 0, 0, 0, 12, 0.5, 0, 1, 0, 0, 0, 0, 1840000, 0, 0
7, 47, 3, 0, 0, 0, 2, 0, 2, 0, 0, 1, 1, 0, 0, 8, 0.375, 1, 0, 0, 0, 0, 0, 1240000, 0, 0
6, 27, 3, 1, 1, 0, 0, 0, 0, 0, 0, 2, 0, 0, 0, 6, 0.5, 0, 0, 0, 1, 0, 0, 22800000, 1, 0
0, 0, 4, 0, 0, 0, 1, 0, 0, 1, 0, 1, 0, 0, 0, 10, 0.4, 0, 0, 0, 0, 0, 0, 69500000, 0, 0
13, 154, 2, 0, 0, 1, 0, 0, 0, 0, 0, 1, 0, 0, 0, 5, 0.4, 0, 0, 0, 0, 1, 0, 61700000, 0, 0
2, 3, 4, 1, 0, 0, 1, 0, 1, 1, 0, 2, 0, 0, 0, 9, 0.444444, 1, 1, 0, 0, 0, 0, 127000000, 0, 0
8, 80, 3, 0, 0, 0, 0, 0, 0, 0, 0, 2, 0, 0, 0, 7, 0.428571, 0, 0, 0, 0, 0, 0, 3630000, 0, 0
1, 4, 3, 0, 0, 0, 1, 0, 1, 0, 0, 1, 0, 0, 0, 7, 0.428571, 0, 0, 0, 1, 0, 0, 65600000, 0, 0
11, 231, 2, 0, 1, 0, 0, 0, 0, 0, 0, 1, 0, 0, 0, 4, 0.5, 0, 0, 0, 1, 0, 0, 20100000, 0, 0
4, 29, 3, 0, 1, 0, 0, 0, 1, 1, 0, 1, 0, 0, 0, 7, 0.428571, 0, 0, 0, 1, 0, 0, 12800000, 0, 0
14, 267, 2, 0, 1, 0, 0, 0, 0, 0, 0, 1, 0, 0, 0, 4, 0.5, 0, 0, 0, 1, 0, 0, 84900000, 0, 0
6, 30, 4, 0, 1, 0, 1, 0, 3, 0, 0, 1, 0, 0, 0, 9, 0.444444, 0, 0, 0, 0, 0, 0, 4730000, 0, 0
1, 9, 4, 0, 0, 0, 2, 0, 2, 1, 1, 1, 0, 0, 0, 9, 0.444444, 0, 1, 0, 0, 0, 0, 21500000, 0, 0
0, 0, 6, 0, 0, 0, 1, 1, 2, 1, 1, 2, 0, 0, 0, 16, 0.375, 0, 1, 0, 0, 0, 0, 187000000, 1, 0
3, 15, 3, 0, 0, 0, 3, 0, 3, 0, 0, 1, 1, 0, 0, 9, 0.333333, 1, 0, 0, 0, 0, 0, 10200000, 0, 0
6, 51, 3, 0, 0, 0, 1, 0, 2, 0, 0, 1, 0, 0, 0, 7, 0.428571, 0, 0, 0, 0, 0, 0, 2460000, 0, 0
4, 24, 3, 0, 0, 0, 2, 0, 2, 1, 0, 1, 0, 0, 0, 9, 0.333333, 0, 0, 0, 0, 0, 0, 38600000, 0, 0
6, 23, 6, 0, 0, 0, 2, 0, 3, 1, 0, 2, 0, 0, 0, 13, 0.461538, 0, 1, 0, 0, 0, 0, 1390000, 0, 0
1, 11, 4, 0, 0, 0, 2, 0, 3, 1, 0, 1, 0, 0, 0, 10, 0.4, 0, 1, 0, 0, 0, 0, 1540000, 0, 0
9, 51, 2, 0, 0, 0, 0, 0, 1, 0, 0, 1, 0, 0, 0, 6, 0.333333, 0, 0, 0, 0, 0, 0, 328000000, 0, 0
4, 35, 3, 0, 0, 0, 0, 0, 0, 2, 0, 1, 0, 0, 0, 7, 0.428571, 0, 0, 0, 0, 0, 0, 174000000, 0, 0
9, 159, 2, 0, 0, 0, 0, 0, 0, 1, 0, 2, 0, 0, 0, 5, 0.4, 0, 0, 0, 0, 0, 0, 294000000, 0, 0
3, 12, 6, 0, 0, 0, 1, 0, 2, 0, 1, 1, 0, 0, 0, 11, 0.545455, 0, 1, 0, 0, 0, 0, 875000, 1, 1
9, 27, 5, 0, 0, 0, 1, 0, 2, 0, 1, 0, 0, 0, 0, 9, 0.555556, 0, 1, 0, 0, 0, 0, 212000, 0, 1
2, 6, 3, 0, 1, 0, 0, 0, 1, 1, 0, 0, 0, 0, 0, 7, 0.428571, 1, 0, 0, 0, 0, 0, 89500000, 0, 0
2, 4, 5, 0, 1, 0, 2, 0, 1, 0, 0, 0, 0, 0, 0, 9, 0.555556, 0, 1, 0, 0, 0, 0, 36500000, 0, 0
2, 4, 5, 0, 1, 0, 3, 0, 2, 0, 0, 0, 0, 0, 0, 10, 0.5, 0, 1, 0, 0, 0, 0, 21000000, 0, 0
23, 375, 1, 0, 0, 0, 0, 0, 1, 0, 0, 0, 0, 0, 0, 2, 0.5, 0, 0, 0, 1, 0, 0, 2430000000, 0, 0
0, 0, 5, 0, 0, 0, 0, 0, 3, 1, 0, 0, 0, 0, 0, 11, 0.454545, 0, 1, 0, 0, 0, 0, 74300000, 0, 0
0, 0, 3, 0, 0, 0, 1, 0, 3, 1, 0, 0, 0, 0, 0, 8, 0.375, 0, 0, 0, 0, 0, 0, 11900000, 0, 0
0, 0, 5, 1, 0, 0, 1, 0, 3, 0, 0, 2, 0, 0, 1, 12, 0.416667, 0, 0, 0, 0, 0, 1, 253000000, 0, 0
1, 4, 5, 1, 0, 0, 1, 0, 1, 2, 0, 1, 0, 0, 0, 11, 0.454545, 0, 1, 0, 0, 0, 0, 2280000, 0, 0
6, 83, 3, 0, 0, 0, 0, 0, 0, 1, 0, 0, 0, 0, 0, 6, 0.5, 0, 0, 0, 0, 0, 0, 4100000, 0, 0
9, 85, 4, 0, 0, 0, 1, 0, 0, 1, 0, 1, 0, 0, 0, 8, 0.5, 0, 0, 0, 0, 0, 0, 5940000, 0, 0
0, 34, 2, 0, 0, 0, 0, 0, 1, 1, 0, 0, 0, 0, 0, 5, 0.4, 0, 0, 0, 0, 0, 0, 3060000000, 0, 0
7, 34, 4, 0, 0, 0, 0, 0, 1, 2, 1, 0, 0, 0, 0, 9, 0.444444, 1, 1, 0, 0, 0, 0, 126000000, 0, 0
4, 27, 4, 0, 0, 0, 0, 0, 1, 1, 0, 0, 0, 0, 0, 7, 0.571429, 0, 1, 0, 0, 0, 0, 46600000, 0, 0
13, 126, 3, 0, 0, 0, 1, 0, 1, 1, 0, 0, 0, 0, 0, 6, 0.5, 0, 0, 0, 0, 0, 0, 65500000, 0, 0
10, 62, 4, 0, 0, 0, 1, 0, 3, 2, 0, 0, 0, 0, 0, 9, 0.444444, 0, 0, 0, 0, 0, 0, 1170000, 0, 0
11, 87, 3, 0, 0, 0, 1, 0, 1, 2, 0, 0, 0, 0, 0, 6, 0.5, 0, 0, 0, 0, 0, 0, 3270000, 0, 0
27, 331, 3, 0, 0, 0, 0, 0, 1, 1, 0, 0, 0, 0, 0, 6, 0.5, 0, 0, 0, 0, 0, 0, 10600000, 0, 0
4, 59, 3, 0, 0, 0, 2, 0, 1, 2, 0, 0, 0, 0, 0, 8, 0.375, 0, 0, 0, 0, 0, 0, 69000000, 0, 0
11, 164, 2, 0, 0, 0, 0, 0, 2, 1, 0, 0, 0, 0, 0, 6, 0.333333, 1, 0, 0, 0, 0, 0, 209000000, 0, 0
6, 14, 5, 0, 0, 0, 2, 0, 2, 2, 0, 0, 0, 0, 0, 10, 0.5, 0, 1, 0, 0, 0, 0, 90700000, 1, 0
14, 136, 4, 1, 0, 0, 0, 0, 0, 1, 0, 1, 0, 0, 0, 7, 0.571429, 0, 1, 0, 0, 0, 0, 61000000, 0, 0
5, 18, 4, 2, 0, 0, 0, 0, 1, 1, 0, 0, 0, 0, 0, 8, 0.5, 0, 1, 0, 0, 0, 0, 2050000, 0, 0
8, 76, 3, 1, 0, 0, 0, 0, 0, 1, 0, 0, 0, 0, 0, 5, 0.6, 0, 1, 0, 0, 0, 0, 32500000, 0, 0
31, 653, 2, 0, 0, 0, 0, 0, 1, 0, 0, 0, 0, 0, 0, 3, 0.666667, 0, 0, 0, 1, 0, 0, 451000000, 0, 0
7, 113, 3, 0, 0, 0, 0, 0, 1, 1, 0, 0, 0, 0, 0, 6, 0.5, 0, 0, 0, 0, 0, 0, 4730000, 0, 0
6, 111, 3, 0, 0, 0, 2, 0, 1, 1, 0, 0, 0, 0, 0, 6, 0.5, 0, 0, 0, 0, 0, 0, 23300000, 0, 0
9, 56, 3, 1, 0, 0, 1, 0, 2, 0, 0, 1, 1, 0, 0, 7, 0.428571, 1, 0, 0, 0, 0, 0, 87700000, 0, 0
7, 48, 3, 1, 0, 0, 1, 0, 2, 1, 0, 1, 1, 0, 0, 8, 0.375, 1, 0, 0, 0, 0, 0, 3770000, 0, 0
5, 24, 4, 1, 0, 0, 2, 0, 3, 1, 0, 1, 1, 0, 0, 10, 0.4, 1, 0, 0, 0, 0, 0, 1260000, 0, 0
5, 30, 4, 1, 0, 0, 1, 0, 2, 0, 0, 1, 1, 0, 0, 8, 0.5, 1, 1, 0, 0, 0, 0, 19900000, 0, 0
22, 361, 2, 0, 0, 0, 2, 0, 2, 0, 0, 0, 0, 0, 0, 4, 0.5, 0, 0, 0, 1, 0, 0, 55600000, 0, 0
6, 119, 3, 0, 0, 0, 1, 0, 1, 1, 0, 0, 0, 0, 0, 6, 0.5, 0, 0, 0, 0, 0, 0, 337000000, 0, 0
4, 27, 5, 0, 0, 0, 3, 0, 3, 0, 0, 0, 0, 0, 0, 10, 0.5, 0, 1, 0, 0, 0, 0, 95500000, 0, 0
3, 20, 3, 0, 0, 0, 1, 0, 3, 1, 0, 1, 1, 0, 0, 9, 0.333333, 1, 0, 0, 0, 0, 0, 4430000, 0, 0
15, 299, 3, 1, 0, 0, 1, 0, 1, 0, 0, 1, 0, 0, 0, 6, 0.5, 0, 0, 0, 0, 0, 0, 71600000, 0, 0
6, 161, 4, 1, 0, 0, 2, 0, 2, 0, 0, 1, 0, 0, 0, 8, 0.5, 0, 1, 0, 0, 0, 0, 1480000, 0, 0
13, 242, 3, 1, 0, 0, 1, 0, 1, 1, 0, 1, 0, 0, 0, 7, 0.428571, 0, 0, 0, 0, 0, 0, 28000000, 0, 0
16, 295, 3, 1, 0, 0, 2, 0, 2, 0, 0, 1, 0, 0, 0, 7, 0.428571, 0, 0, 0, 0, 0, 0, 5390000, 0, 0
1, 2, 7, 0, 0, 0, 2, 0, 2, 2, 0, 1, 0, 0, 0, 16, 0.4375, 0, 0, 0, 0, 0, 0, 1040000, 0, 0
6, 31, 3, 0, 0, 0, 1, 0, 2, 0, 0, 0, 1, 0, 0, 8, 0.375, 1, 0, 0, 0, 0, 0, 2680000, 0, 0
2, 6, 5, 0, 0, 0, 1, 0, 2, 2, 0, 0, 1, 0, 0, 13, 0.384615, 1, 0, 0, 0, 0, 0, 6710000, 0, 0
6, 32, 3, 0, 0, 0, 1, 0, 2, 0, 0, 0, 1, 0, 0, 8, 0.375, 1, 0, 0, 0, 0, 0, 3600000, 0, 0
5, 66, 2, 0, 0, 0, 2, 0, 3, 0, 0, 0, 1, 0, 0, 6, 0.333333, 1, 0, 0, 0, 0, 0, 8900000, 0, 0
7, 93, 3, 1, 0, 0, 1, 0, 1, 0, 0, 0, 0, 0, 0, 6, 0.5, 0, 0, 0, 0, 0, 0, 30700000, 1, 0
6, 11, 6, 1, 0, 0, 1, 0, 1, 1, 0, 0, 0, 0, 0, 10, 0.6, 0, 1, 0, 0, 0, 0, 30200000, 0, 1
3, 25, 3, 0, 0, 0, 2, 0, 0, 0, 0, 0, 0, 0, 0, 7, 0.428571, 0, 0, 1, 0, 0, 0, 17700000, 0, 0
1, 14, 5, 0, 0, 0, 3, 0, 0, 1, 0, 0, 0, 0, 0, 10, 0.5, 0, 1, 1, 0, 0, 0, 1500000, 0, 0
4, 20, 5, 0, 0, 0, 2, 0, 2, 2, 0, 0, 0, 0, 0, 12, 0.416667, 0, 0, 1, 0, 0, 0, 5870000, 0, 0
7, 48, 3, 0, 0, 0, 1, 0, 1, 0, 0, 0, 1, 0, 0, 7, 0.428571, 1, 0, 1, 0, 0, 0, 36600000, 0, 0
1, 20, 4, 0, 0, 0, 2, 0, 2, 1, 0, 0, 1, 0, 0, 9, 0.444444, 1, 1, 1, 0, 0, 0, 22700000, 0, 0
1, 14, 4, 0, 0, 0, 2, 0, 1, 2, 0, 0, 0, 0, 0, 9, 0.444444, 0, 1, 1, 0, 0, 0, 17500000, 0, 0
3, 9, 4, 0, 1, 0, 1, 0, 2, 1, 0, 0, 1, 0, 0, 10, 0.4, 1, 0, 1, 0, 0, 0, 19100000, 0, 0
2, 3, 5, 1, 0, 0, 1, 0, 1, 1, 0, 0, 1, 0, 0, 12, 0.416667, 1, 0, 1, 0, 0, 0, 2470000, 0, 0
12, 73, 3, 0, 0, 0, 1, 0, 1, 1, 0, 0, 1, 0, 0, 7, 0.428571, 1, 0, 1, 0, 0, 0, 9400000, 0, 0
9, 53, 3, 0, 0, 0, 1, 0, 1, 1, 0, 0, 1, 0, 0, 7, 0.428571, 1, 0, 1, 0, 0, 0, 17500000, 0, 0
8, 208, 3, 0, 0, 0, 0, 0, 0, 1, 0, 0, 0, 0, 0, 5, 0.6, 0, 1, 0, 0, 0, 0, 40300000, 0, 0
3, 22, 4, 0, 0, 0, 1, 0, 1, 0, 0, 2, 0, 0, 0, 9, 0.444444, 0, 0, 0, 1, 0, 0, 26300000, 0, 0
14, 246, 3, 0, 0, 0, 0, 0, 1, 0, 0, 0, 0, 0, 0, 5, 0.6, 0, 1, 0, 0, 0, 0, 33200000, 0, 0
3, 7, 4, 0, 0, 0, 0, 0, 2, 1, 0, 0, 0, 0, 0, 10, 0.4, 1, 0, 0, 0, 0, 0, 838000, 0, 0
3, 8, 5, 0, 0, 0, 2, 0, 2, 1, 1, 0, 0, 0, 0, 11, 0.454545, 0, 1, 0, 0, 0, 0, 3640000, 0, 0
4, 21, 3, 0, 0, 0, 1, 0, 1, 1, 0, 0, 0, 0, 0, 8, 0.375, 0, 1, 0, 0, 0, 1, 1500000, 0, 0
7, 134, 3, 0, 0, 0, 1, 0, 1, 0, 0, 0, 0, 0, 0, 6, 0.5, 0, 1, 0, 0, 0, 0, 4250000, 1, 0
0, 0, 9, 0, 0, 0, 3, 0, 4, 0, 0, 0, 0, 0, 0, 19, 0.473684, 0, 1, 0, 0, 0, 0, 3070000, 1, 0
0, 0, 4, 0, 0, 0, 0, 0, 1, 0, 0, 1, 0, 0, 0, 8, 0.5, 0, 1, 0, 0, 0, 0, 457000000, 0, 0
0, 10, 3, 0, 0, 0, 0, 0, 1, 0, 0, 0, 0, 0, 0, 6, 0.5, 0, 1, 0, 0, 0, 0, 88100000, 0, 0
5, 73, 3, 0, 0, 0, 1, 0, 1, 1, 0, 0, 0, 0, 0, 6, 0.5, 0, 1, 0, 0, 0, 0, 8640000, 0, 0
2, 10, 2, 1, 0, 0, 0, 0, 1, 0, 0, 1, 0, 0, 0, 6, 0.333333, 0, 0, 0, 0, 0, 0, 98600000, 1, 0
6, 67, 3, 0, 0, 0, 0, 0, 1, 0, 0, 0, 0, 0, 0, 6, 0.5, 0, 0, 0, 1, 0, 0, 129000000, 1, 0
3, 25, 4, 0, 0, 0, 1, 0, 1, 0, 0, 0, 0, 0, 0, 7, 0.571429, 0, 1, 1, 0, 0, 0, 5430000, 0, 0
6, 152, 3, 0, 1, 0, 0, 0, 1, 0, 0, 0, 0, 0, 0, 6, 0.5, 0, 0, 0, 1, 0, 0, 14400000, 0, 0
3, 10, 3, 1, 0, 0, 2, 0, 2, 1, 0, 1, 0, 0, 0, 9, 0.333333, 0, 0, 0, 0, 0, 0, 1550000, 0, 0
3, 114, 3, 0, 0, 0, 0, 0, 0, 0, 0, 0, 0, 0, 0, 6, 0.5, 0, 0, 0, 1, 0, 0, 5790000, 0, 0
5, 68, 3, 0, 1, 0, 0, 0, 1, 1, 0, 0, 0, 0, 0, 6, 0.5, 0, 1, 0, 0, 0, 0, 32900000, 0, 0
10, 173, 2, 0, 1, 0, 0, 0, 0, 1, 0, 0, 0, 0, 0, 5, 0.4, 0, 0, 0, 0, 0, 0, 217000000, 0, 0
4, 35, 4, 0, 1, 0, 0, 0, 1, 1, 0, 0, 0, 0, 0, 7, 0.571429, 0, 1, 0, 0, 0, 0, 735000, 0, 0
3, 6, 4, 0, 1, 0, 1, 0, 1, 2, 0, 0, 0, 0, 0, 8, 0.5, 0, 1, 0, 0, 0, 0, 18100000, 0, 0
13, 203, 3, 1, 1, 0, 0, 0, 1, 0, 0, 1, 0, 0, 0, 6, 0.5, 0, 0, 0, 1, 0, 0, 1930000, 0, 0
4, 12, 4, 1, 0, 0, 0, 0, 1, 1, 0, 1, 0, 0, 0, 8, 0.5, 0, 1, 0, 0, 0, 0, 114000000, 0, 0
11, 148, 2, 0, 0, 0, 0, 0, 1, 0, 0, 0, 0, 0, 0, 5, 0.4, 0, 0, 0, 0, 0, 0, 310000000, 1, 0
6, 114, 2, 0, 0, 0, 1, 0, 2, 0, 0, 0, 0, 0, 0, 6, 0.333333, 0, 0, 0, 0, 0, 0, 125000000, 1, 0
6, 48, 4, 1, 0, 0, 0, 0, 1, 1, 0, 2, 0, 1, 0, 9, 0.444444, 0, 1, 0, 0, 0, 0, 1210000, 0, 1
5, 100, 3, 0, 0, 0, 0, 0, 2, 0, 0, 0, 0, 1, 1, 6, 0.5, 0, 1, 0, 0, 0, 1, 141000000, 0, 0
6, 97, 3, 0, 0, 0, 1, 0, 1, 1, 0, 0, 0, 1, 0, 6, 0.5, 0, 0, 0, 1, 0, 0, 2120000, 1, 0
19, 239, 2, 0, 0, 0, 1, 0, 1, 0, 0, 0, 0, 1, 0, 5, 0.4, 0, 0, 0, 0, 0, 0, 158000000, 0, 0
24, 418, 1, 0, 0, 1, 0, 0, 0, 0, 0, 0, 0, 0, 0, 2, 0.5, 0, 0, 0, 1, 1, 0, 12310000000, 0, 0
0, 0, 4, 0, 0, 1, 0, 0, 0, 1, 0, 1, 0, 0, 0, 9, 0.444444, 0, 0, 0, 0, 1, 0, 77800000, 0, 0
0, 0, 5, 0, 0, 1, 1, 0, 1, 0, 0, 2, 0, 0, 0, 12, 0.416667, 0, 0, 0, 0, 1, 0, 62800000, 1, 0
0, 6, 3, 0, 0, 1, 0, 0, 1, 0, 0, 0, 0, 0, 0, 7, 0.428571, 0, 0, 0, 0, 1, 0, 43800000, 0, 0
8, 159, 2, 1, 0, 1, 0, 0, 1, 0, 0, 1, 0, 0, 0, 5, 0.4, 0, 0, 0, 1, 1, 0, 166000000, 0, 0
2, 13, 5, 1, 0, 1, 1, 0, 0, 1, 0, 1, 0, 0, 0, 10, 0.5, 0, 1, 0, 0, 1, 0, 31300000, 0, 0
4, 29, 4, 1, 0, 1, 0, 0, 1, 0, 0, 1, 0, 0, 0, 8, 0.5, 0, 1, 0, 0, 1, 0, 22200000, 0, 1
18, 228, 2, 1, 0, 1, 0, 0, 1, 0, 0, 1, 0, 0, 0, 5, 0.4, 0, 0, 0, 0, 1, 0, 59300000, 0, 0
14, 152, 2, 1, 0, 1, 0, 0, 2, 0, 0, 1, 0, 0, 0, 6, 0.333333, 0, 0, 0, 0, 1, 0, 49600000, 0, 0
9, 105, 3, 1, 0, 1, 0, 0, 2, 1, 0, 1, 0, 0, 0, 8, 0.375, 0, 0, 0, 0, 1, 0, 2070000, 0, 0
10, 163, 3, 1, 0, 1, 0, 0, 0, 0, 0, 1, 0, 0, 0, 5, 0.6, 0, 1, 0, 0, 1, 0, 73900000, 0, 0
9, 94, 3, 1, 0, 1, 0, 0, 0, 1, 0, 1, 0, 0, 0, 6, 0.5, 0, 1, 0, 0, 1, 0, 24500000, 0, 0
22, 405, 2, 0, 0, 1, 1, 0, 0, 0, 0, 0, 0, 0, 0, 4, 0.5, 0, 0, 0, 1, 1, 0, 1620000000, 0, 0
17, 213, 3, 0, 0, 1, 2, 0, 1, 1, 0, 0, 0, 0, 0, 7, 0.428571, 0, 0, 0, 1, 1, 0, 39300000, 0, 0
12, 194, 2, 0, 0, 1, 1, 0, 1, 0, 0, 0, 0, 0, 0, 5, 0.4, 0, 0, 0, 1, 1, 0, 297000000, 0, 0
13, 192, 3, 0, 0, 1, 0, 0, 0, 0, 0, 0, 0, 0, 0, 5, 0.6, 0, 1, 0, 0, 1, 0, 17200000, 0, 0
18, 403, 2, 0, 0, 1, 0, 0, 0, 0, 0, 0, 0, 0, 0, 4, 0.5, 0, 0, 0, 1, 1, 0, 40300000, 0, 0
15, 374, 1, 0, 0, 1, 0, 0, 0, 1, 0, 0, 0, 0, 0, 3, 0.333333, 0, 0, 0, 1, 1, 0, 384000000, 0, 0
9, 217, 2, 0, 0, 1, 0, 0, 1, 0, 0, 0, 0, 0, 0, 4, 0.5, 0, 0, 0, 1, 1, 0, 31800000, 0, 0
8, 172, 2, 0, 0, 1, 0, 0, 1, 1, 0, 0, 0, 0, 0, 5, 0.4, 0, 0, 0, 1, 1, 0, 12400000, 0, 0
11, 265, 1, 0, 0, 1, 0, 1, 0, 0, 0, 0, 0, 0, 0, 3, 0.333333, 0, 0, 0, 1, 1, 0, 523000000, 0, 0
28, 448, 2, 0, 0, 1, 0, 1, 0, 0, 0, 0, 0, 0, 0, 4, 0.5, 0, 0, 0, 1, 1, 0, 67700000, 0, 0
27, 431, 2, 0, 0, 1, 1, 1, 1, 0, 0, 0, 0, 0, 0, 5, 0.4, 0, 0, 0, 1, 1, 0, 7450000, 0, 0
13, 232, 1, 0, 0, 1, 1, 0, 0, 0, 0, 0, 0, 0, 0, 3, 0.333333, 0, 0, 0, 1, 1, 0, 81300000, 0, 0
0, 3, 4, 0, 0, 1, 1, 0, 1, 0, 0, 0, 0, 0, 0, 9, 0.444444, 0, 1, 0, 0, 1, 0, 71500000, 1, 0
13, 198, 2, 0, 0, 2, 0, 0, 0, 0, 0, 0, 0, 0, 0, 5, 0.4, 0, 0, 0, 0, 1, 0, 19300000, 0, 0
11, 312, 2, 0, 0, 1, 1, 0, 1, 1, 0, 0, 0, 0, 0, 5, 0.4, 0, 0, 0, 1, 1, 0, 76500000, 0, 0
3, 5, 4, 2, 0, 1, 0, 0, 2, 0, 0, 1, 0, 0, 0, 9, 0.444444, 0, 0, 0, 0, 1, 0, 468000, 0, 0
12, 85, 3, 0, 0, 1, 0, 0, 1, 2, 0, 0, 0, 0, 0, 7, 0.428571, 0, 0, 0, 0, 1, 0, 20800000, 0, 0
8, 68, 3, 0, 0, 1, 0, 0, 1, 2, 0, 0, 0, 0, 0, 7, 0.428571, 0, 0, 0, 0, 1, 0, 30700000, 0, 0
2, 4, 5, 0, 0, 1, 1, 0, 3, 2, 0, 0, 0, 0, 1, 12, 0.416667, 0, 1, 0, 0, 1, 1, 94000000, 0, 0
1, 4, 5, 1, 0, 1, 1, 0, 1, 1, 0, 2, 0, 0, 0, 11, 0.454545, 0, 1, 0, 0, 1, 0, 1420000, 0, 0
4, 35, 4, 0, 0, 1, 1, 0, 1, 1, 0, 0, 0, 0, 0, 8, 0.5, 0, 1, 0, 0, 1, 0, 26100000, 0, 0
1, 32, 3, 0, 0, 1, 2, 0, 1, 0, 0, 0, 0, 0, 0, 7, 0.428571, 0, 0, 0, 0, 1, 0, 5240000, 0, 0
8, 59, 4, 0, 0, 1, 0, 0, 1, 0, 0, 0, 0, 1, 0, 7, 0.571429, 0, 1, 0, 0, 1, 0, 2910000, 0, 0
13, 55, 4, 0, 0, 1, 1, 0, 2, 0, 0, 0, 0, 0, 0, 8, 0.5, 0, 1, 0, 0, 1, 0, 257000000, 0, 0
2, 10, 4, 0, 1, 1, 0, 0, 1, 0, 0, 0, 0, 0, 0, 8, 0.5, 0, 0, 0, 1, 1, 0, 666000, 0, 0
20, 385, 2, 0, 1, 1, 1, 0, 1, 0, 0, 0, 0, 0, 0, 5, 0.4, 0, 0, 0, 1, 1, 0, 19700000, 0, 0
12, 88, 2, 1, 0, 1, 0, 0, 1, 1, 0, 1, 0, 0, 0, 6, 0.333333, 1, 0, 0, 0, 1, 0, 141000000, 0, 0
15, 144, 2, 0, 0, 1, 1, 0, 1, 1, 0, 0, 0, 0, 0, 6, 0.333333, 0, 0, 0, 0, 1, 0, 4960000, 0, 0
9, 99, 3, 0, 0, 1, 0, 0, 1, 1, 0, 1, 0, 0, 0, 7, 0.428571, 0, 0, 0, 0, 1, 0, 2230000, 0, 0
28, 595, 2, 0, 0, 1, 0, 0, 1, 0, 0, 0, 0, 0, 0, 4, 0.5, 0, 0, 0, 1, 1, 0, 212000000, 0, 0
4, 40, 4, 0, 0, 1, 0, 0, 2, 0, 0, 0, 0, 0, 0, 7, 0.571429, 0, 1, 0, 0, 1, 0, 51500000, 0, 0
14, 235, 2, 1, 0, 1, 0, 0, 0, 0, 0, 1, 0, 0, 0, 4, 0.5, 0, 0, 0, 1, 1, 0, 1280000, 0, 0
18, 213, 3, 0, 0, 1, 0, 0, 0, 0, 0, 0, 0, 0, 0, 5, 0.6, 0, 1, 0, 0, 1, 0, 7200000, 1, 0
15, 207, 3, 0, 0, 1, 0, 0, 1, 0, 0, 0, 0, 0, 0, 5, 0.6, 0, 1, 0, 0, 1, 0, 3650000, 0, 0
13, 194, 3, 0, 0, 1, 1, 0, 1, 0, 0, 0, 0, 0, 0, 5, 0.6, 0, 1, 0, 0, 1, 0, 7310000, 1, 0
9, 132, 3, 1, 0, 1, 1, 0, 1, 0, 0, 0, 0, 0, 0, 6, 0.5, 0, 1, 0, 0, 1, 0, 16700000, 1, 0
14, 122, 3, 0, 0, 1, 0, 0, 0, 2, 0, 0, 0, 0, 0, 6, 0.5, 0, 0, 0, 1, 1, 0, 62300000, 1, 0
24, 362, 2, 0, 0, 1, 0, 0, 0, 1, 0, 0, 0, 0, 0, 4, 0.5, 0, 0, 0, 1, 1, 0, 11600000, 1, 0
2, 27, 2, 1, 0, 1, 0, 0, 1, 0, 0, 1, 0, 0, 0, 5, 0.4, 0, 0, 0, 1, 1, 0, 4330000, 0, 0
19, 397, 2, 1, 0, 0, 0, 0, 0, 0, 0, 1, 0, 0, 0, 3, 0.666667, 0, 0, 0, 1, 0, 0, 64300000, 0, 0
9, 227, 2, 1, 0, 0, 0, 0, 0, 1, 0, 1, 0, 0, 0, 4, 0.5, 0, 0, 0, 1, 0, 0, 21500000, 0, 0
5, 21, 4, 0, 0, 0, 1, 0, 4, 0, 0, 1, 1, 0, 0, 10, 0.4, 1, 0, 0, 0, 0, 0, 2540000, 1, 0
2, 3, 5, 1, 0, 0, 0, 0, 2, 2, 0, 1, 0, 0, 0, 12, 0.416667, 0, 0, 0, 0, 0, 0, 2640000, 0, 0
2, 19, 4, 0, 0, 0, 1, 0, 2, 2, 0, 0, 0, 0, 0, 11, 0.363636, 0, 0, 0, 0, 0, 0, 85400000, 0, 0
1, 4, 4, 0, 1, 0, 1, 0, 1, 2, 0, 0, 0, 0, 0, 8, 0.5, 0, 0, 0, 1, 0, 0, 144000000, 0, 0
5, 15, 5, 0, 0, 0, 0, 0, 1, 1, 0, 0, 0, 1, 0, 8, 0.625, 0, 1, 0, 0, 0, 0, 2080000, 1, 0
2, 3, 6, 0, 0, 0, 3, 0, 2, 3, 0, 0, 0, 0, 0, 14, 0.428571, 0, 1, 0, 0, 0, 0, 1370000, 0, 0
2, 3, 6, 0, 0, 0, 4, 0, 3, 3, 0, 0, 0, 0, 0, 15, 0.4, 0, 1, 0, 0, 0, 0, 636000, 0, 0
19, 142, 3, 0, 0, 0, 0, 0, 0, 1, 0, 1, 0, 0, 0, 6, 0.5, 0, 0, 0, 0, 0, 0, 53600000, 0, 0
6, 24, 4, 0, 0, 0, 1, 0, 3, 1, 0, 1, 1, 0, 0, 10, 0.4, 1, 1, 0, 0, 0, 0, 562000000, 0, 0
2, 3, 5, 0, 0, 0, 1, 0, 2, 2, 0, 1, 0, 0, 0, 12, 0.416667, 1, 1, 0, 0, 0, 0, 20000000, 0, 0
3, 10, 5, 1, 0, 0, 1, 0, 1, 2, 0, 0, 0, 0, 0, 10, 0.5, 0, 0, 0, 0, 0, 0, 263000, 0, 0
2, 3, 5, 2, 0, 0, 0, 0, 2, 1, 0, 2, 0, 0, 0, 11, 0.454545, 0, 0, 0, 0, 0, 0, 8120000, 0, 0
2, 3, 5, 0, 0, 0, 0, 0, 1, 2, 0, 0, 0, 0, 0, 10, 0.5, 0, 1, 0, 0, 0, 0, 2020000, 0, 0
3, 26, 4, 0, 0, 0, 0, 0, 2, 1, 0, 0, 0, 0, 0, 8, 0.5, 0, 1, 0, 0, 0, 0, 402000000, 0, 0
9, 36, 4, 0, 0, 0, 0, 0, 3, 1, 0, 0, 0, 0, 1, 10, 0.4, 0, 0, 0, 0, 0, 1, 727000, 0, 0
8, 27, 5, 0, 0, 0, 0, 0, 4, 1, 0, 0, 0, 0, 1, 12, 0.416667, 0, 0, 0, 0, 0, 1, 172000, 0, 0
1, 3, 5, 0, 0, 0, 1, 0, 1, 2, 0, 1, 0, 0, 0, 12, 0.416667, 1, 1, 0, 0, 0, 1, 27400000, 1, 0
2, 10, 5, 2, 0, 0, 1, 0, 3, 1, 0, 1, 0, 0, 0, 11, 0.454545, 0, 1, 0, 0, 0, 0, 352000, 0, 0
3, 8, 4, 2, 0, 0, 1, 0, 1, 2, 0, 1, 0, 0, 0, 10, 0.4, 0, 0, 0, 0, 0, 0, 1440000, 0, 0
7, 27, 4, 1, 0, 0, 0, 0, 1, 2, 0, 0, 0, 0, 0, 8, 0.5, 0, 1, 0, 0, 0, 0, 30400000, 0, 0
3, 5, 5, 0, 0, 0, 2, 0, 4, 0, 0, 0, 0, 0, 0, 9, 0.555556, 0, 1, 0, 0, 0, 0, 3830000, 0, 0
17, 183, 2, 0, 1, 0, 0, 0, 0, 2, 0, 0, 0, 0, 0, 5, 0.4, 0, 0, 0, 1, 0, 0, 5050000, 0, 0
3, 20, 2, 0, 1, 0, 1, 1, 2, 0, 0, 0, 0, 0, 0, 6, 0.333333, 0, 0, 0, 0, 0, 0, 281000000, 0, 0
2, 52, 3, 0, 1, 0, 0, 0, 1, 0, 0, 0, 0, 0, 0, 6, 0.5, 0, 0, 0, 1, 0, 0, 1390000, 0, 0
10, 144, 3, 0, 1, 0, 0, 0, 0, 0, 0, 0, 0, 0, 0, 5, 0.6, 0, 1, 0, 0, 0, 0, 107000000, 1, 0
7, 125, 3, 0, 1, 0, 1, 0, 1, 0, 0, 0, 0, 0, 0, 6, 0.5, 0, 1, 0, 0, 0, 0, 181000000, 1, 0
5, 90, 3, 1, 1, 0, 1, 0, 1, 0, 0, 0, 0, 0, 0, 6, 0.5, 0, 1, 0, 0, 0, 0, 82500000, 0, 0
19, 245, 2, 0, 1, 0, 0, 0, 1, 0, 0, 0, 0, 0, 0, 5, 0.4, 0, 0, 0, 1, 0, 0, 51100000, 0, 0
17, 220, 2, 0, 1, 0, 1, 0, 1, 0, 0, 0, 0, 0, 0, 5, 0.4, 0, 0, 0, 0, 0, 0, 14500000, 0, 0
2, 23, 4, 0, 1, 0, 1, 0, 1, 2, 0, 0, 0, 0, 0, 10, 0.4, 0, 0, 0, 0, 0, 0, 12000000, 0, 0
13, 173, 2, 0, 1, 0, 1, 0, 1, 0, 0, 0, 0, 0, 0, 5, 0.4, 0, 0, 0, 0, 0, 0, 50900000, 1, 0
2, 12, 3, 1, 1, 0, 1, 0, 1, 1, 0, 0, 0, 0, 0, 7, 0.428571, 0, 0, 0, 1, 0, 0, 56000000, 0, 0
3, 25, 3, 0, 0, 0, 0, 0, 0, 2, 1, 0, 0, 0, 0, 6, 0.5, 0, 0, 0, 1, 0, 0, 13400000, 0, 0
0, 0, 4, 1, 0, 0, 0, 0, 2, 0, 0, 1, 0, 0, 0, 10, 0.4, 0, 0, 0, 0, 0, 0, 3430000, 0, 0
1, 1, 5, 2, 1, 0, 1, 0, 4, 0, 0, 0, 0, 0, 1, 12, 0.416667, 0, 0, 0, 0, 0, 1, 4260000, 0, 0
17, 305, 2, 0, 1, 0, 1, 0, 2, 0, 0, 0, 0, 0, 0, 5, 0.4, 0, 0, 0, 1, 0, 0, 29200000, 0, 0
5, 40, 3, 0, 1, 0, 1, 0, 2, 1, 0, 0, 0, 0, 0, 8, 0.375, 0, 0, 0, 0, 0, 0, 1550000, 0, 0
19, 328, 2, 0, 0, 0, 0, 0, 1, 0, 0, 0, 0, 0, 0, 3, 0.666667, 0, 1, 0, 0, 0, 0, 143000000, 0, 0
14, 187, 2, 1, 0, 0, 0, 0, 2, 0, 0, 1, 0, 0, 0, 5, 0.4, 0, 0, 0, 0, 0, 0, 130000000, 0, 0
4, 36, 4, 0, 0, 0, 1, 0, 4, 0, 0, 0, 0, 0, 0, 9, 0.444444, 0, 0, 0, 1, 0, 0, 592000, 0, 0
12, 167, 2, 0, 0, 0, 1, 0, 3, 0, 0, 0, 0, 0, 0, 6, 0.333333, 0, 0, 0, 0, 0, 0, 20700000, 0, 0
12, 134, 2, 0, 0, 0, 0, 0, 2, 2, 0, 0, 0, 0, 1, 6, 0.333333, 0, 0, 0, 0, 0, 1, 19200000, 0, 0
12, 86, 3, 1, 0, 0, 0, 0, 2, 1, 0, 1, 0, 0, 1, 8, 0.375, 0, 0, 0, 0, 0, 1, 2110000, 0, 0
14, 121, 3, 0, 0, 0, 0, 0, 2, 0, 0, 1, 0, 0, 1, 7, 0.428571, 0, 0, 0, 0, 0, 1, 30400000, 0, 0
11, 86, 3, 1, 0, 0, 0, 0, 3, 0, 0, 0, 0, 0, 1, 7, 0.428571, 0, 0, 0, 0, 0, 1, 14000000, 0, 0
0, 2, 3, 0, 0, 0, 0, 0, 1, 1, 0, 0, 0, 0, 0, 7, 0.428571, 0, 0, 0, 0, 0, 0, 21400000, 0, 0
3, 11, 3, 1, 1, 0, 0, 0, 1, 1, 0, 0, 0, 0, 0, 7, 0.428571, 0, 0, 0, 0, 0, 0, 2240000, 0, 0
3, 7, 3, 1, 1, 0, 0, 0, 1, 1, 0, 0, 0, 0, 0, 7, 0.428571, 0, 0, 0, 0, 0, 0, 1920000, 0, 0
20, 390, 2, 0, 0, 0, 2, 0, 2, 0, 0, 0, 0, 0, 0, 5, 0.4, 0, 0, 0, 1, 0, 0, 26500000, 0, 0
15, 264, 2, 0, 0, 0, 0, 0, 2, 0, 0, 0, 0, 0, 0, 5, 0.4, 0, 0, 0, 1, 0, 0, 285000000, 0, 0
1, 13, 2, 0, 0, 0, 1, 0, 1, 0, 0, 0, 0, 0, 0, 5, 0.4, 0, 0, 0, 1, 0, 0, 5300000, 0, 0
4, 94, 3, 0, 0, 0, 0, 0, 1, 1, 0, 0, 0, 0, 0, 5, 0.6, 0, 1, 0, 0, 0, 0, 108000000, 0, 0
5, 20, 4, 0, 0, 0, 0, 0, 1, 0, 1, 1, 0, 0, 0, 7, 0.571429, 0, 1, 0, 0, 0, 0, 18000000, 1, 0
25, 322, 3, 0, 0, 0, 0, 0, 1, 1, 0, 1, 0, 0, 0, 6, 0.5, 0, 0, 0, 1, 0, 0, 55600000, 0, 0
1, 12, 3, 0, 1, 0, 1, 0, 1, 1, 0, 1, 0, 0, 0, 8, 0.375, 0, 0, 0, 0, 0, 0, 1930000, 0, 0
1, 7, 4, 0, 0, 0, 0, 0, 1, 3, 0, 0, 0, 0, 0, 9, 0.444444, 0, 1, 0, 0, 0, 0, 2550000, 0, 0
14, 164, 3, 1, 0, 0, 0, 0, 0, 3, 0, 2, 0, 0, 0, 8, 0.375, 0, 0, 0, 0, 0, 0, 1360000, 0, 0
19, 271, 3, 0, 0, 0, 0, 0, 0, 2, 0, 0, 0, 0, 0, 6, 0.5, 0, 0, 0, 1, 0, 0, 1700000, 0, 0
4, 8, 4, 0, 0, 0, 1, 0, 2, 3, 0, 0, 0, 0, 1, 10, 0.4, 0, 0, 0, 0, 0, 1, 2220000, 0, 0
16, 383, 2, 0, 0, 0, 1, 0, 2, 1, 0, 0, 0, 0, 0, 6, 0.333333, 0, 0, 0, 0, 0, 0, 75600000, 0, 0
3, 9, 4, 0, 0, 0, 1, 0, 2, 2, 1, 0, 0, 0, 0, 9, 0.444444, 0, 0, 0, 0, 0, 0, 42400000, 1, 0
4, 38, 4, 0, 0, 0, 1, 1, 1, 2, 0, 0, 0, 0, 0, 8, 0.5, 0, 0, 0, 1, 0, 0, 1620000, 0, 0
6, 138, 3, 0, 0, 0, 1, 1, 2, 1, 0, 0, 0, 0, 0, 7, 0.428571, 0, 0, 0, 1, 0, 0, 46700000, 0, 0
6, 198, 3, 0, 0, 0, 0, 0, 0, 3, 0, 0, 0, 0, 0, 6, 0.5, 0, 0, 0, 1, 0, 0, 87600000, 0, 0
0, 3, 4, 0, 0, 0, 1, 0, 1, 1, 1, 0, 0, 0, 0, 9, 0.444444, 0, 1, 0, 0, 0, 0, 71900000, 0, 0
0, 0, 6, 0, 0, 0, 1, 0, 2, 2, 1, 0, 0, 0, 0, 16, 0.375, 0, 1, 0, 0, 0, 0, 7280000, 0, 0
0, 0, 4, 0, 0, 0, 0, 0, 2, 1, 0, 0, 0, 0, 0, 9, 0.444444, 0, 0, 0, 0, 0, 0, 5750000, 0, 0
0, 0, 4, 0, 0, 0, 0, 0, 2, 1, 0, 0, 0, 0, 0, 9, 0.444444, 0, 0, 0, 0, 0, 0, 13400000, 0, 0
2, 65, 2, 0, 0, 0, 1, 0, 1, 1, 0, 0, 0, 0, 0, 5, 0.4, 0, 0, 0, 0, 0, 0, 982000000, 0, 0
1, 40, 2, 0, 0, 0, 1, 0, 1, 1, 0, 0, 0, 0, 0, 5, 0.4, 0, 0, 0, 0, 0, 0, 1270000000, 0, 0
22, 273, 2, 0, 0, 1, 1, 0, 1, 1, 0, 0, 0, 0, 0, 6, 0.333333, 0, 0, 0, 0, 1, 0, 3080000, 0, 0
14, 120, 4, 0, 0, 0, 1, 0, 1, 1, 0, 2, 0, 0, 0, 8, 0.5, 0, 1, 0, 0, 0, 0, 8910000, 0, 0
0, 0, 6, 0, 0, 0, 1, 0, 1, 2, 0, 3, 0, 0, 0, 13, 0.461538, 0, 1, 0, 0, 0, 0, 57400000, 1, 0
5, 50, 3, 0, 1, 0, 0, 0, 2, 1, 0, 0, 0, 0, 1, 7, 0.428571, 0, 0, 0, 0, 0, 1, 1560000, 0, 0
5, 38, 4, 0, 0, 0, 0, 0, 1, 2, 0, 0, 0, 0, 0, 7, 0.571429, 0, 1, 0, 0, 0, 0, 78700000, 0, 0
3, 63, 3, 0, 0, 0, 0, 0, 0, 2, 0, 0, 0, 0, 0, 7, 0.428571, 0, 0, 0, 0, 0, 0, 209000, 0, 0
0, 0, 3, 0, 0, 0, 2, 0, 3, 1, 0, 1, 0, 0, 0, 9, 0.333333, 0, 0, 0, 0, 0, 0, 605000000, 0, 0
6, 134, 2, 0, 0, 0, 1, 0, 2, 1, 0, 0, 0, 0, 0, 6, 0.333333, 0, 0, 0, 0, 0, 0, 4380000, 0, 0
4, 21, 4, 0, 0, 0, 1, 0, 0, 2, 0, 0, 0, 0, 0, 8, 0.5, 0, 0, 1, 1, 0, 0, 45600000, 0, 0
4, 20, 4, 0, 0, 0, 1, 0, 0, 2, 0, 0, 0, 0, 0, 8, 0.5, 0, 0, 1, 1, 0, 0, 43300000, 0, 0
0, 0, 3, 0, 0, 0, 0, 0, 1, 1, 0, 1, 0, 0, 0, 8, 0.375, 0, 0, 0, 0, 0, 0, 6890000, 0, 0
0, 6, 3, 0, 0, 0, 0, 0, 0, 1, 0, 0, 0, 0, 0, 6, 0.5, 0, 1, 0, 0, 0, 0, 30700000, 0, 0
28, 341, 3, 0, 0, 0, 0, 0, 1, 1, 0, 1, 0, 0, 0, 6, 0.5, 0, 0, 0, 1, 0, 0, 26100000, 0, 0
2, 3, 4, 0, 0, 0, 1, 0, 3, 1, 0, 0, 0, 0, 0, 9, 0.444444, 0, 1, 0, 0, 0, 0, 66700000, 0, 0
5, 32, 3, 0, 0, 1, 0, 0, 1, 1, 0, 0, 0, 0, 0, 7, 0.428571, 0, 0, 0, 0, 1, 0, 14100000, 0, 0
8, 46, 3, 0, 0, 0, 0, 0, 0, 3, 0, 0, 0, 0, 0, 7, 0.428571, 0, 0, 0, 0, 0, 0, 293000000, 0, 0
4, 16, 5, 0, 0, 0, 2, 0, 2, 3, 0, 0, 0, 0, 0, 11, 0.454545, 0, 0, 0, 1, 0, 0, 8570, 0, 0
2, 38, 3, 1, 0, 0, 0, 0, 1, 2, 0, 1, 0, 0, 0, 8, 0.375, 0, 0, 0, 0, 0, 0, 375000, 0, 0
8, 67, 3, 1, 0, 0, 1, 0, 2, 1, 0, 1, 1, 0, 0, 8, 0.375, 1, 0, 0, 0, 0, 0, 2460000, 0, 0
16, 225, 2, 0, 0, 1, 1, 0, 1, 1, 0, 0, 0, 0, 0, 6, 0.333333, 0, 0, 0, 0, 1, 0, 121000000, 0, 0
15, 208, 2, 0, 0, 1, 0, 0, 0, 1, 0, 0, 0, 0, 0, 5, 0.4, 0, 0, 0, 0, 1, 0, 184000000, 1, 0
13, 170, 2, 0, 0, 1, 1, 0, 1, 1, 0, 0, 0, 0, 0, 6, 0.333333, 0, 0, 0, 0, 1, 0, 111000000, 1, 0
10, 61, 3, 0, 0, 0, 1, 0, 2, 1, 0, 0, 1, 0, 0, 7, 0.428571, 1, 1, 0, 0, 0, 0, 65800000, 0, 0
16, 260, 2, 0, 0, 0, 0, 0, 0, 2, 0, 1, 0, 0, 0, 5, 0.4, 0, 0, 0, 0, 0, 0, 512000000, 1, 0
1, 3, 4, 0, 0, 0, 1, 0, 1, 2, 0, 0, 0, 0, 0, 9, 0.444444, 0, 0, 0, 1, 0, 0, 139000000, 0, 0
6, 213, 1, 0, 0, 0, 0, 1, 0, 1, 0, 0, 0, 0, 0, 3, 0.333333, 0, 0, 0, 1, 0, 0, 365000000, 0, 0
4, 67, 3, 0, 0, 0, 1, 0, 0, 1, 0, 0, 0, 0, 0, 6, 0.5, 0, 0, 1, 1, 0, 0, 258000000, 0, 0
7, 106, 3, 0, 0, 0, 0, 0, 0, 1, 0, 1, 0, 0, 0, 5, 0.6, 0, 1, 0, 0, 0, 0, 78100000, 0, 0
4, 38, 3, 0, 0, 0, 0, 0, 2, 1, 0, 0, 0, 0, 0, 7, 0.428571, 0, 0, 0, 1, 0, 0, 721000000, 0, 0
2, 31, 4, 0, 0, 0, 1, 0, 3, 1, 0, 0, 0, 0, 0, 9, 0.444444, 0, 0, 0, 1, 0, 0, 43600000, 0, 0
3, 10, 5, 0, 0, 0, 1, 0, 2, 1, 0, 0, 0, 0, 0, 10, 0.5, 0, 0, 0, 1, 0, 0, 63800000, 0, 0
3, 4, 6, 1, 0, 0, 2, 0, 2, 2, 0, 2, 0, 0, 0, 12, 0.5, 0, 1, 0, 0, 0, 0, 194000, 0, 0
9, 23, 4, 0, 0, 0, 2, 0, 1, 1, 0, 0, 0, 0, 0, 8, 0.5, 0, 0, 0, 1, 0, 0, 65700000, 0, 0
5, 22, 5, 1, 0, 0, 2, 0, 1, 1, 0, 1, 0, 0, 0, 10, 0.5, 0, 0, 0, 1, 0, 0, 5500000, 0, 0
9, 36, 4, 0, 0, 0, 2, 0, 2, 1, 0, 0, 0, 0, 0, 9, 0.444444, 0, 0, 0, 1, 0, 0, 4120000, 0, 0
7, 121, 2, 0, 0, 0, 0, 0, 1, 1, 0, 0, 0, 0, 0, 5, 0.4, 0, 0, 0, 0, 0, 0, 156000000, 0, 0
9, 82, 2, 1, 0, 0, 0, 0, 1, 1, 0, 0, 0, 0, 0, 5, 0.4, 0, 0, 0, 1, 0, 0, 155000000, 0, 0
22, 432, 1, 0, 0, 0, 0, 0, 0, 1, 0, 0, 0, 0, 0, 2, 0.5, 0, 0, 0, 1, 0, 0, 25270000000, 0, 0
0, 0, 4, 1, 0, 0, 1, 0, 1, 1, 0, 1, 0, 0, 0, 8, 0.5, 0, 1, 0, 0, 0, 0, 94800000, 0, 0
14, 161, 2, 0, 0, 1, 0, 0, 0, 1, 0, 0, 0, 0, 0, 5, 0.4, 0, 0, 0, 0, 1, 0, 107000000, 0, 0
9, 93, 2, 0, 0, 0, 0, 0, 2, 2, 0, 0, 0, 0, 0, 6, 0.333333, 0, 0, 0, 0, 0, 0, 676000000, 0, 0
2, 3, 4, 2, 0, 0, 0, 0, 1, 2, 0, 1, 0, 0, 0, 9, 0.444444, 1, 1, 0, 0, 0, 0, 122000000, 0, 0
7, 215, 2, 1, 0, 0, 0, 0, 0, 1, 0, 1, 0, 0, 0, 4, 0.5, 0, 0, 0, 1, 0, 0, 21100000, 0, 0
11, 128, 3, 1, 0, 0, 0, 0, 0, 1, 0, 0, 0, 0, 0, 5, 0.6, 0, 1, 0, 0, 0, 0, 337000000, 0, 0
1, 52, 3, 0, 0, 0, 1, 0, 1, 0, 0, 0, 0, 0, 0, 5, 0.6, 0, 1, 0, 0, 0, 0, 756000000, 0, 0
5, 14, 3, 2, 0, 0, 1, 0, 2, 0, 0, 1, 0, 0, 0, 7, 0.428571, 0, 0, 0, 0, 0, 0, 3770000, 0, 0
2, 29, 3, 1, 0, 0, 0, 0, 1, 1, 0, 1, 0, 0, 0, 7, 0.428571, 0, 0, 0, 0, 0, 0, 76700000, 0, 0
2, 6, 3, 1, 0, 0, 0, 0, 1, 0, 0, 1, 0, 0, 0, 7, 0.428571, 0, 0, 0, 0, 0, 0, 131000000, 1, 0
6, 35, 4, 0, 0, 0, 1, 0, 0, 1, 0, 0, 0, 0, 0, 7, 0.571429, 0, 0, 0, 1, 0, 0, 101000000, 0, 0
8, 53, 4, 0, 0, 0, 0, 0, 1, 1, 0, 2, 0, 0, 0, 8, 0.5, 0, 0, 0, 0, 0, 0, 4180000, 0, 0
12, 226, 3, 0, 1, 0, 1, 0, 2, 0, 0, 0, 0, 0, 0, 6, 0.5, 0, 0, 0, 1, 0, 0, 4680000, 0, 0
4, 92, 3, 0, 1, 0, 0, 0, 1, 1, 0, 0, 0, 0, 0, 6, 0.5, 0, 0, 0, 1, 0, 0, 59800000, 0, 0
6, 78, 3, 0, 0, 0, 0, 0, 0, 1, 0, 0, 0, 0, 0, 5, 0.6, 0, 0, 0, 1, 0, 0, 14400000, 0, 0
14, 272, 2, 0, 0, 0, 0, 0, 1, 0, 0, 0, 0, 0, 0, 4, 0.5, 0, 0, 0, 0, 0, 0, 214000000, 0, 0
4, 14, 4, 0, 0, 0, 0, 0, 0, 0, 0, 0, 0, 0, 0, 8, 0.5, 0, 0, 0, 1, 0, 0, 19400000, 0, 0
15, 229, 2, 0, 0, 0, 0, 0, 1, 0, 0, 1, 0, 0, 0, 5, 0.4, 0, 0, 0, 0, 0, 0, 111000000, 0, 0
24, 426, 2, 0, 0, 0, 0, 0, 1, 0, 0, 0, 0, 0, 0, 5, 0.4, 0, 0, 0, 1, 0, 0, 80800000, 0, 0
3, 28, 4, 0, 1, 0, 1, 0, 1, 0, 0, 0, 0, 0, 0, 7, 0.571429, 0, 1, 0, 0, 0, 0, 13700000, 0, 0
8, 124, 3, 1, 0, 0, 0, 0, 2, 0, 0, 1, 0, 0, 0, 7, 0.428571, 0, 0, 0, 0, 0, 0, 64000000, 0, 0
8, 124, 3, 1, 0, 0, 1, 0, 3, 0, 0, 1, 0, 0, 0, 8, 0.375, 0, 0, 0, 0, 0, 0, 91200000, 0, 0
4, 27, 4, 0, 0, 0, 1, 0, 2, 2, 0, 0, 0, 0, 0, 10, 0.4, 0, 0, 0, 0, 0, 0, 16600000, 0, 0
10, 94, 4, 0, 0, 0, 0, 0, 0, 0, 1, 0, 0, 0, 0, 7, 0.571429, 0, 1, 0, 0, 0, 0, 32100000, 0, 0
0, 0, 4, 0, 0, 0, 0, 0, 2, 0, 0, 1, 0, 0, 0, 10, 0.4, 0, 0, 0, 0, 0, 0, 785000000, 0, 0
0, 0, 6, 3, 0, 0, 1, 0, 4, 0, 0, 1, 0, 0, 0, 15, 0.4, 0, 0, 0, 0, 0, 0, 1060000, 0, 0
8, 76, 4, 0, 0, 0, 0, 0, 1, 0, 0, 0, 0, 0, 0, 7, 0.571429, 0, 1, 0, 0, 0, 0, 12700000, 0, 0
16, 163, 3, 0, 0, 0, 0, 0, 1, 0, 1, 0, 0, 0, 0, 6, 0.5, 0, 1, 0, 0, 0, 0, 97200000, 0, 0
1, 3, 6, 0, 0, 0, 2, 0, 1, 1, 0, 0, 0, 0, 0, 13, 0.461538, 0, 1, 0, 0, 0, 0, 49500000, 0, 0
2, 10, 5, 0, 0, 0, 2, 0, 2, 1, 0, 0, 0, 0, 0, 13, 0.384615, 0, 0, 0, 0, 0, 0, 35300000, 0, 0
6, 92, 2, 0, 0, 0, 0, 0, 2, 0, 0, 0, 0, 0, 0, 6, 0.333333, 0, 0, 0, 0, 0, 0, 262000000, 0, 0
31, 406, 3, 0, 0, 0, 1, 0, 1, 0, 0, 1, 0, 0, 0, 6, 0.5, 0, 0, 0, 1, 0, 0, 108000000, 0, 0
26, 377, 3, 0, 0, 0, 1, 0, 2, 0, 0, 0, 0, 0, 0, 6, 0.5, 0, 1, 0, 0, 0, 0, 4880000, 0, 0
11, 147, 3, 0, 0, 0, 1, 1, 1, 0, 0, 0, 0, 0, 0, 6, 0.5, 0, 0, 0, 1, 0, 0, 5070000, 0, 0
7, 32, 3, 0, 0, 0, 0, 0, 2, 0, 0, 0, 0, 0, 0, 7, 0.428571, 0, 0, 0, 0, 0, 0, 22500000, 0, 0
11, 116, 3, 1, 0, 0, 1, 0, 1, 1, 0, 1, 0, 0, 0, 7, 0.428571, 0, 0, 0, 0, 0, 0, 8810000, 0, 0
4, 36, 4, 0, 0, 0, 0, 0, 0, 1, 1, 0, 0, 0, 0, 7, 0.571429, 0, 1, 0, 0, 0, 0, 48200000, 0, 0
0, 2, 5, 0, 0, 0, 1, 0, 1, 1, 1, 0, 0, 0, 0, 10, 0.5, 0, 1, 0, 0, 0, 0, 1400000, 0, 0
0, 2, 5, 0, 0, 0, 0, 0, 0, 1, 1, 0, 0, 0, 0, 9, 0.555556, 0, 1, 0, 0, 0, 0, 1030000, 1, 0
5, 33, 4, 0, 0, 0, 0, 0, 0, 1, 1, 0, 0, 0, 0, 7, 0.571429, 0, 1, 0, 0, 0, 0, 58900000, 1, 0
4, 14, 3, 0, 0, 0, 0, 0, 1, 0, 0, 0, 0, 0, 0, 8, 0.375, 0, 0, 0, 0, 0, 0, 59900000, 0, 0
13, 142, 3, 0, 0, 0, 0, 0, 3, 0, 0, 0, 0, 0, 1, 7, 0.428571, 0, 0, 0, 0, 0, 1, 720000, 0, 0
7, 77, 3, 0, 0, 0, 0, 0, 2, 0, 0, 0, 0, 0, 1, 7, 0.428571, 0, 0, 0, 0, 0, 1, 11900000, 0, 0
14, 238, 2, 0, 0, 0, 1, 0, 3, 0, 0, 0, 0, 0, 1, 6, 0.333333, 0, 0, 0, 0, 0, 1, 32900000, 0, 0
13, 90, 3, 0, 0, 0, 1, 0, 2, 1, 0, 0, 0, 0, 0, 7, 0.428571, 0, 0, 0, 0, 0, 0, 187000000, 0, 0
4, 35, 4, 0, 1, 0, 1, 0, 2, 1, 0, 0, 0, 0, 0, 9, 0.444444, 0, 0, 0, 0, 0, 0, 24400000, 0, 0
5, 31, 4, 0, 1, 0, 2, 0, 3, 1, 0, 0, 0, 0, 0, 10, 0.4, 0, 0, 0, 0, 0, 0, 39900000, 0, 0
11, 104, 3, 0, 0, 0, 2, 0, 3, 1, 0, 0, 0, 0, 0, 8, 0.375, 0, 0, 0, 0, 0, 0, 257000000, 0, 0
1, 6, 5, 0, 0, 0, 2, 0, 3, 1, 0, 0, 0, 0, 0, 10, 0.5, 0, 1, 0, 0, 0, 0, 732000, 0, 1
6, 14, 4, 0, 0, 0, 1, 0, 1, 1, 0, 0, 0, 0, 0, 9, 0.444444, 0, 0, 0, 0, 0, 0, 19800000, 0, 0
14, 192, 3, 0, 0, 0, 1, 0, 2, 0, 0, 0, 0, 0, 0, 7, 0.428571, 0, 0, 0, 1, 0, 0, 12000000, 0, 0
2, 29, 3, 0, 0, 0, 0, 0, 1, 1, 0, 0, 0, 0, 0, 8, 0.375, 0, 0, 0, 0, 0, 0, 1870000, 0, 0
2, 22, 4, 0, 0, 0, 0, 0, 1, 0, 0, 0, 0, 0, 0, 7, 0.571429, 0, 1, 0, 0, 0, 0, 42400000, 0, 0
0, 27, 2, 0, 0, 0, 0, 0, 2, 0, 0, 0, 0, 0, 0, 6, 0.333333, 0, 0, 0, 0, 0, 0, 6840000000, 0, 0
0, 0, 8, 2, 0, 0, 2, 0, 4, 1, 0, 0, 0, 0, 0, 20, 0.4, 0, 1, 0, 0, 0, 0, 23900000, 1, 0
0, 0, 4, 0, 0, 0, 0, 0, 3, 0, 0, 1, 0, 0, 0, 12, 0.333333, 0, 0, 0, 0, 0, 0, 515000000, 0, 0
0, 0, 4, 0, 0, 0, 0, 0, 2, 1, 0, 0, 0, 0, 0, 12, 0.333333, 0, 0, 0, 0, 0, 0, 559000000, 0, 0
0, 0, 4, 0, 0, 0, 3, 0, 5, 0, 0, 0, 0, 0, 0, 12, 0.333333, 0, 0, 0, 0, 0, 0, 150000000, 0, 0
2, 3, 4, 0, 1, 0, 2, 0, 2, 1, 0, 0, 0, 0, 0, 11, 0.363636, 0, 0, 0, 0, 0, 0, 3520000, 0, 0
10, 106, 3, 0, 0, 0, 0, 0, 1, 0, 1, 0, 0, 0, 0, 6, 0.5, 0, 1, 0, 0, 0, 0, 290000000, 1, 0
3, 9, 4, 1, 0, 0, 3, 0, 3, 0, 0, 0, 0, 0, 0, 9, 0.444444, 0, 0, 0, 1, 0, 0, 648000, 0, 0
2, 15, 6, 1, 0, 0, 2, 0, 3, 0, 0, 3, 0, 0, 0, 13, 0.461538, 0, 0, 0, 1, 0, 0, 26500000, 0, 0
4, 37, 3, 0, 1, 0, 1, 0, 2, 0, 0, 0, 0, 0, 0, 8, 0.375, 0, 0, 0, 0, 0, 0, 1100000, 0, 0
8, 34, 3, 0, 0, 0, 0, 0, 1, 1, 0, 0, 0, 1, 0, 8, 0.375, 0, 0, 0, 0, 0, 0, 6770000, 0, 0
3, 4, 5, 0, 0, 1, 2, 0, 4, 0, 0, 0, 0, 0, 0, 13, 0.384615, 0, 0, 0, 0, 1, 0, 2010000, 0, 0
2, 2, 6, 0, 0, 0, 1, 0, 4, 0, 1, 0, 0, 0, 1, 13, 0.461538, 0, 1, 0, 0, 0, 1, 451000, 1, 0
11, 40, 4, 0, 0, 0, 2, 0, 2, 1, 0, 0, 0, 0, 0, 9, 0.444444, 0, 1, 0, 0, 0, 0, 47200000, 0, 0
9, 51, 3, 0, 0, 0, 1, 0, 2, 1, 0, 0, 0, 0, 0, 8, 0.375, 0, 0, 0, 0, 0, 0, 156000000, 0, 0
14, 250, 2, 0, 0, 0, 1, 0, 2, 0, 0, 0, 0, 0, 0, 5, 0.4, 0, 0, 0, 0, 0, 0, 40300000, 0, 0
8, 84, 2, 1, 0, 0, 0, 0, 2, 0, 0, 0, 0, 0, 0, 6, 0.333333, 0, 0, 0, 0, 0, 0, 4350000, 0, 0
10, 82, 3, 0, 0, 0, 0, 0, 2, 1, 0, 0, 0, 0, 0, 7, 0.428571, 0, 0, 0, 0, 0, 0, 128000000, 0, 0
6, 16, 4, 0, 0, 0, 1, 0, 1, 1, 0, 0, 0, 0, 0, 9, 0.444444, 0, 1, 0, 0, 0, 0, 52800000, 0, 0
1, 6, 5, 2, 0, 0, 0, 0, 2, 2, 0, 2, 0, 0, 0, 13, 0.384615, 0, 0, 0, 0, 0, 0, 16000000, 0, 0
10, 78, 3, 0, 0, 0, 2, 0, 2, 0, 0, 0, 0, 0, 0, 7, 0.428571, 0, 0, 0, 0, 0, 0, 89100000, 0, 0
5, 28, 4, 0, 0, 0, 1, 0, 2, 2, 0, 0, 0, 0, 0, 10, 0.4, 0, 0, 0, 0, 0, 0, 4260000, 0, 0
5, 30, 3, 0, 0, 0, 0, 0, 4, 1, 0, 0, 0, 0, 1, 10, 0.3, 0, 0, 0, 0, 0, 1, 47600, 1, 0
7, 25, 4, 0, 0, 0, 1, 0, 3, 0, 0, 0, 0, 0, 0, 11, 0.363636, 0, 0, 0, 0, 0, 0, 2010000, 0, 0
7, 26, 3, 0, 1, 0, 0, 0, 2, 0, 0, 0, 0, 0, 0, 8, 0.375, 0, 0, 0, 0, 0, 0, 29000000, 0, 0
3, 7, 4, 0, 0, 0, 2, 0, 2, 0, 0, 0, 0, 0, 0, 9, 0.444444, 0, 1, 0, 0, 0, 1, 572000, 0, 0
10, 78, 4, 0, 0, 0, 0, 0, 1, 1, 0, 1, 0, 0, 0, 8, 0.5, 0, 1, 0, 0, 0, 0, 8770000, 1, 0
10, 136, 3, 0, 0, 0, 1, 0, 1, 0, 0, 0, 0, 0, 0, 6, 0.5, 0, 1, 0, 0, 0, 0, 24200000, 0, 0
33, 471, 2, 0, 0, 0, 1, 0, 1, 0, 0, 0, 0, 0, 0, 4, 0.5, 0, 0, 0, 1, 0, 0, 29900000, 1, 0
4, 38, 3, 0, 1, 0, 1, 0, 1, 1, 0, 0, 0, 0, 0, 7, 0.428571, 0, 0, 0, 1, 0, 0, 176000000, 0, 0
3, 325, 2, 0, 0, 0, 0, 0, 0, 0, 1, 0, 0, 0, 0, 3, 0.666667, 0, 1, 0, 0, 0, 0, 2330000000, 0, 0
0, 0, 4, 1, 0, 0, 0, 0, 0, 1, 1, 0, 0, 0, 0, 9, 0.444444, 0, 1, 0, 0, 0, 0, 1470000000, 1, 0
0, 27, 3, 0, 0, 0, 0, 0, 0, 0, 1, 0, 0, 0, 0, 6, 0.5, 0, 1, 0, 0, 0, 0, 1360000000, 0, 0
0, 1, 4, 1, 0, 0, 0, 0, 0, 0, 1, 0, 0, 0, 0, 7, 0.571429, 0, 1, 0, 0, 0, 0, 226000000, 1, 0
15, 103, 4, 0, 0, 0, 0, 0, 1, 0, 1, 1, 0, 0, 0, 7, 0.571429, 0, 1, 0, 0, 0, 0, 3760000, 0, 0
9, 71, 4, 1, 1, 0, 0, 0, 0, 0, 1, 1, 0, 0, 0, 7, 0.571429, 0, 1, 0, 0, 0, 0, 2110000, 0, 0
11, 165, 3, 0, 0, 0, 1, 0, 1, 0, 1, 0, 0, 0, 0, 5, 0.6, 0, 1, 0, 0, 0, 0, 14100000, 1, 0
15, 158, 3, 0, 0, 0, 1, 0, 1, 0, 1, 0, 0, 0, 0, 5, 0.6, 0, 1, 0, 0, 0, 0, 10500000, 1, 0
16, 209, 2, 0, 0, 0, 1, 0, 1, 1, 0, 0, 0, 0, 0, 5, 0.4, 0, 0, 0, 1, 0, 0, 50600000, 0, 0
5, 116, 2, 0, 0, 0, 1, 0, 1, 0, 0, 0, 0, 0, 0, 4, 0.5, 0, 1, 0, 0, 0, 0, 13400000, 0, 0
6, 53, 5, 1, 0, 0, 1, 0, 2, 0, 0, 1, 0, 0, 0, 9, 0.555556, 0, 1, 0, 0, 0, 0, 2280000, 0, 0
4, 36, 5, 0, 0, 0, 2, 0, 4, 1, 0, 0, 0, 0, 0, 11, 0.454545, 0, 1, 0, 0, 0, 0, 791000, 0, 0
7, 36, 3, 0, 0, 0, 1, 0, 2, 0, 0, 0, 0, 0, 0, 8, 0.375, 0, 0, 0, 0, 0, 0, 31200000, 0, 0
5, 49, 3, 1, 0, 0, 1, 0, 2, 0, 0, 1, 0, 0, 0, 7, 0.428571, 0, 0, 0, 1, 0, 0, 81900000, 0, 0
6, 55, 4, 0, 0, 0, 0, 0, 2, 0, 1, 1, 0, 0, 0, 8, 0.5, 0, 1, 0, 0, 0, 0, 35200000, 0, 0
10, 43, 4, 0, 0, 0, 1, 0, 3, 1, 0, 0, 0, 0, 0, 10, 0.4, 1, 1, 0, 0, 0, 1, 4590000, 0, 0
6, 37, 4, 1, 0, 0, 1, 0, 4, 0, 0, 1, 1, 0, 0, 10, 0.4, 1, 1, 0, 0, 0, 1, 3610000, 0, 0
7, 30, 4, 0, 1, 0, 0, 0, 1, 0, 0, 0, 0, 0, 0, 7, 0.571429, 0, 1, 0, 0, 0, 0, 10700000, 1, 0
17, 224, 3, 0, 0, 0, 0, 0, 2, 0, 0, 0, 0, 0, 0, 6, 0.5, 0, 0, 0, 1, 0, 0, 67800000, 0, 0
4, 68, 3, 0, 1, 0, 0, 0, 3, 0, 0, 0, 0, 0, 1, 7, 0.428571, 0, 0, 0, 0, 0, 1, 4010000, 0, 0
10, 32, 5, 0, 0, 0, 1, 0, 2, 1, 0, 0, 0, 0, 0, 9, 0.555556, 0, 1, 0, 0, 0, 0, 6840000, 0, 0
7, 71, 4, 0, 0, 0, 1, 0, 2, 1, 0, 0, 0, 0, 0, 8, 0.5, 0, 1, 0, 0, 0, 0, 77100000, 0, 0
8, 117, 3, 0, 0, 0, 0, 0, 1, 1, 0, 0, 0, 0, 0, 7, 0.428571, 0, 0, 0, 0, 0, 0, 12200000, 0, 0
9, 57, 4, 0, 0, 0, 2, 0, 4, 0, 0, 1, 0, 0, 0, 10, 0.4, 0, 0, 0, 0, 0, 0, 291000000, 1, 0
2, 19, 4, 0, 0, 0, 0, 0, 1, 2, 0, 0, 0, 0, 0, 7, 0.571429, 0, 1, 0, 0, 0, 0, 33500000, 0, 0
13, 104, 4, 1, 0, 0, 1, 0, 2, 0, 0, 1, 0, 0, 0, 8, 0.5, 0, 0, 0, 1, 0, 0, 6520000, 0, 0
17, 159, 3, 1, 0, 0, 1, 0, 3, 0, 0, 0, 0, 0, 0, 7, 0.428571, 0, 0, 0, 1, 0, 0, 18500000, 0, 0
17, 346, 2, 0, 0, 0, 1, 1, 2, 0, 0, 0, 0, 0, 0, 5, 0.4, 0, 0, 0, 1, 0, 0, 70000000, 0, 0
9, 127, 3, 0, 0, 0, 1, 0, 2, 0, 0, 0, 0, 0, 0, 6, 0.5, 0, 0, 0, 1, 0, 0, 7760000, 0, 0
43, 631, 2, 0, 0, 0, 0, 0, 1, 0, 0, 0, 0, 0, 0, 4, 0.5, 0, 0, 0, 1, 0, 0, 55700000, 0, 0
20, 400, 2, 1, 0, 0, 1, 0, 1, 0, 0, 1, 0, 0, 0, 4, 0.5, 0, 0, 0, 1, 0, 0, 112000000, 0, 0
12, 215, 3, 1, 0, 0, 2, 0, 2, 1, 0, 1, 0, 0, 0, 7, 0.428571, 0, 0, 0, 1, 0, 0, 33100000, 0, 0
2, 3, 5, 0, 0, 0, 3, 0, 3, 0, 0, 1, 0, 0, 0, 11, 0.454545, 0, 0, 0, 0, 0, 0, 13200000, 0, 0
17, 257, 3, 0, 0, 0, 1, 0, 2, 0, 0, 1, 0, 0, 0, 6, 0.5, 0, 0, 0, 1, 0, 0, 60600000, 0, 0
3, 5, 4, 0, 0, 1, 2, 0, 2, 0, 0, 0, 0, 0, 0, 10, 0.4, 0, 0, 0, 0, 1, 0, 6560000, 0, 0
9, 178, 3, 1, 0, 0, 2, 0, 2, 0, 0, 0, 0, 0, 0, 6, 0.5, 0, 1, 0, 0, 0, 0, 281000, 0, 0
0, 1, 3, 1, 0, 0, 1, 0, 1, 2, 0, 1, 0, 0, 0, 8, 0.375, 0, 0, 0, 0, 0, 0, 46000000, 0, 0
0, 3, 4, 0, 0, 0, 1, 0, 1, 1, 0, 1, 0, 0, 0, 9, 0.444444, 0, 0, 0, 0, 0, 0, 11800000, 0, 0
0, 45, 2, 0, 0, 1, 1, 0, 1, 0, 0, 0, 0, 0, 0, 5, 0.4, 0, 0, 0, 0, 1, 0, 326000000, 0, 0
0, 0, 4, 0, 1, 0, 1, 0, 2, 0, 0, 1, 0, 0, 0, 10, 0.4, 0, 0, 0, 0, 0, 0, 389000000, 0, 0
10, 50, 3, 0, 0, 0, 1, 0, 1, 1, 0, 1, 0, 1, 0, 7, 0.428571, 0, 0, 0, 0, 0, 0, 174000000, 1, 0
4, 34, 3, 0, 0, 0, 2, 0, 3, 1, 0, 0, 0, 0, 1, 8, 0.375, 0, 0, 0, 0, 0, 1, 26900000, 0, 0
4, 28, 4, 1, 0, 0, 3, 0, 3, 0, 0, 0, 0, 0, 0, 9, 0.444444, 0, 1, 0, 0, 0, 0, 284000000, 0, 0
6, 119, 3, 0, 0, 0, 2, 0, 3, 1, 0, 0, 0, 0, 0, 7, 0.428571, 0, 0, 0, 1, 0, 0, 13500000, 0, 0
5, 80, 2, 0, 0, 0, 1, 0, 2, 1, 0, 0, 0, 0, 0, 5, 0.4, 0, 0, 0, 1, 0, 0, 41200000, 0, 0
0, 0, 5, 0, 0, 0, 3, 0, 4, 0, 0, 0, 0, 0, 0, 13, 0.384615, 0, 0, 0, 0, 0, 0, 5330000, 0, 0
2, 13, 3, 0, 0, 0, 1, 0, 2, 1, 0, 0, 0, 0, 0, 7, 0.428571, 1, 1, 0, 0, 0, 0, 186000000, 0, 0
1, 1, 6, 0, 1, 0, 2, 0, 3, 2, 0, 0, 0, 0, 0, 13, 0.461538, 0, 0, 0, 0, 0, 0, 1210000, 0, 0
10, 125, 2, 0, 0, 0, 1, 0, 2, 0, 0, 0, 0, 0, 0, 5, 0.4, 0, 0, 0, 0, 0, 0, 41500000, 0, 0
2, 3, 6, 0, 0, 0, 2, 0, 1, 2, 0, 0, 0, 0, 0, 13, 0.461538, 0, 1, 0, 0, 0, 0, 909000, 0, 0
3, 4, 6, 1, 0, 0, 1, 0, 1, 1, 0, 0, 0, 0, 0, 13, 0.461538, 0, 0, 0, 0, 0, 0, 11400000, 0, 0
3, 4, 6, 1, 0, 0, 1, 0, 1, 1, 0, 0, 0, 0, 0, 13, 0.461538, 0, 0, 0, 0, 0, 0, 12400000, 0, 0
3, 4, 6, 1, 0, 0, 2, 0, 2, 1, 0, 0, 0, 0, 0, 14, 0.428571, 0, 0, 0, 0, 0, 0, 5970000, 0, 0
1, 26, 4, 0, 0, 0, 1, 0, 1, 0, 0, 0, 0, 1, 0, 6, 0.666667, 0, 1, 0, 0, 0, 0, 6340000, 0, 0
20, 270, 2, 0, 0, 0, 1, 0, 3, 0, 0, 0, 0, 0, 1, 5, 0.4, 0, 0, 0, 0, 0, 1, 20500000, 0, 0
0, 0, 4, 1, 0, 0, 1, 0, 2, 2, 0, 1, 0, 0, 0, 11, 0.363636, 0, 0, 0, 0, 0, 0, 24600000, 0, 0
2, 16, 6, 0, 0, 0, 3, 0, 4, 1, 0, 0, 0, 0, 0, 13, 0.461538, 0, 0, 0, 1, 0, 0, 21600000, 0, 0
2, 8, 4, 0, 0, 0, 2, 0, 3, 2, 0, 0, 0, 0, 0, 10, 0.4, 0, 1, 0, 0, 0, 0, 567000, 0, 0
2, 35, 3, 0, 0, 0, 1, 0, 2, 1, 0, 0, 0, 0, 0, 6, 0.5, 0, 1, 0, 0, 0, 0, 1870000, 0, 0
6, 108, 2, 1, 0, 0, 1, 0, 2, 0, 0, 1, 0, 0, 0, 5, 0.4, 0, 0, 0, 1, 0, 0, 68100000, 0, 0
21, 350, 2, 1, 0, 0, 1, 0, 1, 0, 0, 1, 0, 0, 0, 4, 0.5, 0, 0, 0, 1, 0, 0, 5590000, 1, 0
6, 42, 3, 0, 1, 0, 1, 0, 1, 0, 0, 0, 0, 0, 0, 6, 0.5, 0, 0, 0, 1, 0, 0, 1740000, 1, 0
6, 54, 3, 0, 1, 0, 1, 0, 1, 0, 0, 0, 0, 0, 0, 6, 0.5, 0, 0, 0, 1, 0, 0, 16600000, 1, 0
5, 33, 4, 0, 0, 0, 2, 0, 3, 0, 0, 0, 0, 0, 0, 9, 0.444444, 0, 1, 0, 0, 0, 0, 5880000, 0, 0
2, 7, 5, 0, 0, 0, 2, 1, 2, 1, 0, 1, 0, 0, 0, 12, 0.416667, 0, 0, 0, 0, 0, 0, 1140000, 1, 0
5, 63, 3, 1, 0, 0, 1, 0, 1, 0, 0, 2, 0, 0, 0, 6, 0.5, 0, 0, 0, 1, 0, 0, 113000000, 0, 0
6, 88, 3, 1, 0, 0, 1, 0, 2, 0, 0, 1, 0, 0, 0, 6, 0.5, 0, 0, 0, 1, 0, 0, 904000, 0, 0
1, 2, 2, 1, 0, 0, 1, 0, 1, 0, 0, 0, 0, 0, 0, 7, 0.285714, 0, 0, 0, 0, 0, 0, 30000000, 0, 0
1, 15, 3, 1, 0, 0, 0, 0, 0, 2, 0, 1, 0, 0, 0, 7, 0.428571, 0, 1, 0, 0, 0, 0, 321000000, 0, 0
5, 75, 3, 0, 1, 0, 1, 0, 2, 0, 0, 0, 0, 0, 0, 8, 0.375, 0, 0, 0, 0, 0, 0, 46600000, 0, 0
0, 3, 3, 0, 0, 0, 1, 0, 1, 0, 0, 0, 0, 0, 0, 7, 0.428571, 0, 0, 0, 0, 0, 0, 184000000, 0, 0
3, 19, 5, 0, 0, 0, 1, 0, 2, 1, 0, 0, 0, 0, 0, 11, 0.454545, 0, 1, 0, 0, 0, 0, 21700000, 0, 0
3, 13, 5, 0, 1, 0, 1, 0, 2, 1, 0, 0, 0, 0, 0, 12, 0.416667, 0, 0, 0, 0, 0, 0, 8200000, 0, 0
12, 204, 2, 0, 0, 0, 0, 0, 0, 1, 0, 0, 0, 0, 0, 5, 0.4, 0, 0, 0, 0, 0, 0, 133000000, 0, 0
5, 51, 4, 0, 0, 0, 0, 0, 0, 2, 0, 1, 0, 0, 0, 8, 0.5, 0, 1, 0, 0, 0, 0, 38200000, 0, 0
0, 0, 7, 0, 1, 0, 1, 0, 2, 3, 0, 0, 0, 0, 0, 15, 0.466667, 0, 1, 0, 0, 0, 0, 387000, 0, 0
10, 121, 3, 0, 0, 0, 0, 0, 2, 0, 0, 0, 0, 0, 1, 6, 0.5, 0, 1, 0, 0, 0, 1, 84200000, 0, 0
8, 65, 3, 0, 0, 0, 0, 0, 2, 1, 0, 0, 0, 0, 1, 7, 0.428571, 0, 0, 0, 0, 0, 1, 1220000, 0, 0
4, 13, 5, 1, 1, 0, 0, 0, 2, 0, 0, 2, 0, 0, 0, 11, 0.454545, 0, 0, 0, 0, 0, 0, 4750000, 0, 0
10, 74, 3, 1, 1, 0, 1, 0, 2, 0, 0, 1, 0, 0, 0, 8, 0.375, 0, 0, 0, 0, 0, 0, 67200000, 0, 0
5, 55, 3, 0, 1, 0, 0, 0, 2, 1, 0, 0, 0, 0, 0, 8, 0.375, 0, 0, 0, 0, 0, 0, 1800000, 0, 0
5, 26, 3, 0, 0, 0, 2, 0, 4, 1, 0, 0, 1, 0, 0, 11, 0.272727, 1, 0, 0, 0, 0, 0, 43100000, 0, 0
2, 5, 3, 0, 0, 0, 1, 0, 3, 1, 0, 0, 1, 0, 0, 9, 0.333333, 1, 0, 0, 0, 0, 0, 20000000, 0, 0
3, 7, 4, 0, 0, 0, 1, 0, 3, 1, 0, 0, 0, 1, 0, 10, 0.4, 0, 1, 0, 0, 0, 0, 926000, 1, 0
7, 59, 4, 1, 0, 0, 0, 0, 1, 1, 0, 0, 0, 0, 0, 8, 0.5, 0, 1, 0, 0, 0, 0, 2770000, 0, 0
36, 566, 2, 0, 0, 0, 0, 0, 0, 1, 0, 0, 0, 0, 0, 3, 0.666667, 0, 0, 0, 1, 0, 0, 1290000000, 0, 0
24, 461, 2, 0, 0, 0, 0, 0, 0, 1, 0, 0, 0, 0, 0, 3, 0.666667, 0, 0, 0, 1, 0, 0, 376000000, 1, 0
20, 397, 2, 0, 0, 0, 1, 0, 1, 1, 0, 0, 0, 0, 0, 4, 0.5, 0, 0, 0, 1, 0, 0, 129000000, 1, 0
1, 7, 6, 0, 0, 0, 2, 0, 1, 1, 0, 0, 0, 0, 0, 11, 0.545455, 0, 1, 0, 0, 0, 0, 20700000, 0, 0
12, 169, 3, 1, 0, 0, 1, 0, 1, 0, 0, 0, 0, 0, 0, 6, 0.5, 0, 1, 0, 0, 0, 0, 1600000, 0, 0
21, 400, 2, 1, 0, 0, 1, 0, 1, 1, 0, 0, 0, 0, 0, 5, 0.4, 0, 0, 0, 1, 0, 0, 118000000, 0, 0
3, 34, 4, 2, 0, 0, 0, 0, 2, 0, 0, 1, 0, 0, 0, 8, 0.5, 0, 1, 0, 0, 0, 0, 117000000, 0, 0
18, 366, 3, 1, 0, 0, 1, 0, 2, 0, 0, 0, 0, 0, 0, 6, 0.5, 0, 1, 0, 0, 0, 0, 86000000, 0, 0
13, 180, 3, 1, 0, 0, 1, 1, 1, 1, 0, 0, 0, 0, 0, 7, 0.428571, 0, 0, 0, 1, 0, 0, 2750000, 0, 0
17, 324, 2, 1, 0, 0, 2, 0, 1, 0, 0, 0, 0, 0, 0, 5, 0.4, 0, 0, 0, 1, 0, 0, 111000000, 0, 0
1, 4, 5, 1, 1, 0, 1, 0, 0, 1, 0, 0, 0, 0, 0, 10, 0.5, 0, 1, 0, 0, 0, 0, 3680000, 0, 0
2, 54, 3, 1, 0, 0, 0, 0, 0, 1, 0, 0, 0, 0, 0, 6, 0.5, 0, 1, 0, 0, 0, 0, 14600000, 0, 0
1, 1, 4, 1, 0, 0, 1, 0, 2, 1, 0, 0, 0, 0, 0, 10, 0.4, 0, 1, 0, 0, 0, 0, 1060000, 0, 0
3, 6, 5, 1, 0, 0, 0, 0, 0, 2, 0, 0, 0, 0, 0, 9, 0.555556, 0, 1, 0, 0, 0, 0, 904000, 1, 0
1, 11, 4, 1, 0, 0, 1, 0, 1, 0, 0, 2, 0, 0, 0, 9, 0.444444, 0, 0, 0, 1, 0, 0, 42800000, 0, 0
3, 12, 4, 1, 0, 0, 2, 0, 2, 2, 0, 0, 0, 0, 0, 9, 0.444444, 0, 0, 0, 1, 0, 0, 818000, 0, 0
7, 115, 3, 1, 0, 0, 0, 0, 0, 2, 0, 0, 0, 0, 0, 7, 0.428571, 0, 0, 0, 0, 0, 0, 40200000, 0, 0
8, 74, 2, 2, 0, 0, 0, 0, 2, 0, 0, 1, 0, 0, 0, 6, 0.333333, 0, 0, 0, 0, 0, 0, 47100000, 0, 0
10, 166, 2, 2, 0, 0, 0, 0, 1, 0, 0, 1, 0, 0, 0, 5, 0.4, 0, 0, 0, 0, 0, 0, 13200000, 0, 0
13, 138, 2, 2, 0, 0, 1, 0, 2, 0, 0, 1, 0, 0, 0, 6, 0.333333, 0, 0, 0, 0, 0, 0, 4420000, 0, 0
6, 126, 2, 1, 0, 0, 0, 0, 1, 0, 0, 2, 0, 0, 0, 6, 0.333333, 0, 0, 0, 0, 0, 0, 91000000, 0, 0
3, 14, 4, 1, 0, 0, 0, 0, 2, 0, 0, 2, 0, 0, 0, 9, 0.444444, 0, 0, 0, 0, 0, 0, 20500000, 0, 0
4, 61, 2, 1, 0, 0, 1, 0, 2, 0, 0, 0, 0, 0, 0, 6, 0.333333, 0, 0, 0, 0, 0, 0, 22000000, 0, 0
16, 228, 1, 1, 0, 0, 1, 0, 0, 0, 0, 0, 0, 0, 0, 3, 0.333333, 0, 0, 0, 1, 0, 0, 338000000, 0, 0
9, 52, 3, 1, 0, 0, 0, 0, 1, 0, 0, 1, 0, 0, 0, 6, 0.5, 0, 1, 0, 0, 0, 0, 22800000, 0, 0
8, 143, 3, 1, 1, 0, 0, 0, 0, 0, 0, 0, 0, 0, 0, 5, 0.6, 0, 1, 0, 0, 0, 0, 23800000, 0, 0
7, 115, 3, 1, 1, 0, 0, 0, 0, 0, 0, 0, 0, 0, 0, 5, 0.6, 0, 1, 0, 0, 0, 0, 47600000, 0, 0
5, 65, 3, 1, 0, 0, 1, 0, 2, 1, 0, 0, 0, 0, 0, 7, 0.428571, 0, 1, 0, 0, 0, 0, 106000000, 0, 0
11, 193, 2, 1, 0, 0, 0, 0, 1, 0, 0, 0, 0, 0, 0, 5, 0.4, 0, 0, 0, 1, 0, 0, 67400000, 0, 0
9, 35, 4, 1, 0, 0, 1, 0, 2, 0, 0, 0, 0, 0, 0, 9, 0.444444, 0, 0, 0, 1, 0, 0, 341000, 0, 0
19, 333, 2, 1, 0, 0, 0, 0, 2, 0, 0, 0, 0, 0, 0, 5, 0.4, 0, 0, 0, 1, 0, 0, 10300000, 0, 0
1, 38, 3, 2, 0, 0, 0, 0, 1, 0, 0, 0, 0, 0, 0, 6, 0.5, 0, 1, 0, 0, 0, 0, 16300000, 0, 0
0, 1, 2, 1, 0, 0, 2, 0, 3, 0, 0, 0, 0, 0, 0, 7, 0.285714, 0, 0, 0, 0, 0, 0, 350000000, 0, 0
9, 205, 1, 1, 0, 0, 0, 1, 0, 0, 0, 0, 0, 0, 0, 3, 0.333333, 0, 0, 0, 1, 0, 0, 73900000, 0, 0
0, 21, 2, 1, 0, 0, 0, 1, 0, 0, 0, 0, 0, 0, 0, 5, 0.4, 0, 0, 0, 0, 0, 0, 343000000, 0, 0
5, 63, 2, 1, 0, 0, 0, 0, 0, 0, 0, 1, 0, 0, 0, 4, 0.5, 0, 0, 0, 1, 0, 0, 489000, 0, 0
17, 252, 2, 1, 0, 0, 0, 0, 0, 0, 0, 0, 0, 0, 0, 3, 0.666667, 0, 1, 0, 0, 0, 0, 61300000, 0, 0
1, 47, 1, 0, 0, 0, 0, 1, 0, 0, 0, 1, 0, 0, 0, 4, 0.25, 0, 0, 0, 0, 0, 0, 4690000000, 0, 0
0, 8, 2, 1, 0, 0, 0, 1, 0, 0, 0, 0, 0, 0, 0, 5, 0.4, 0, 1, 0, 0, 0, 0, 251000000, 0, 0
0, 1, 2, 0, 1, 0, 0, 1, 1, 1, 0, 0, 0, 0, 0, 7, 0.285714, 0, 0, 0, 0, 0, 0, 784000000, 0, 0
19, 437, 1, 0, 0, 0, 0, 1, 0, 0, 0, 0, 0, 0, 0, 2, 0.5, 0, 0, 0, 1, 0, 0, 923000000, 0, 0
9, 160, 2, 0, 0, 0, 0, 1, 0, 1, 0, 1, 0, 0, 0, 5, 0.4, 0, 0, 0, 0, 0, 0, 4410000, 0, 0
16, 381, 1, 0, 0, 0, 0, 1, 0, 0, 0, 0, 0, 0, 0, 2, 0.5, 0, 0, 0, 1, 0, 0, 450000000, 0, 0
5, 117, 3, 0, 0, 0, 1, 0, 0, 0, 0, 0, 0, 0, 0, 6, 0.5, 0, 0, 0, 1, 0, 0, 6880000, 0, 0
9, 374, 2, 0, 0, 0, 1, 0, 0, 0, 0, 0, 0, 0, 0, 3, 0.666667, 0, 1, 0, 0, 0, 1, 139000000, 0, 0
3, 63, 2, 0, 0, 0, 0, 0, 1, 0, 0, 0, 0, 0, 0, 4, 0.5, 0, 0, 0, 1, 0, 0, 102000000, 0, 0
6, 83, 2, 1, 0, 0, 0, 0, 2, 0, 0, 1, 0, 0, 0, 5, 0.4, 0, 0, 0, 0, 0, 0, 65500000, 0, 0
4, 21, 4, 0, 0, 0, 0, 0, 1, 1, 0, 0, 0, 0, 0, 8, 0.5, 0, 0, 0, 0, 0, 0, 9380000, 0, 0
27, 486, 3, 0, 0, 0, 0, 0, 1, 0, 0, 0, 0, 0, 0, 4, 0.75, 0, 1, 0, 0, 0, 0, 130000000, 0, 0
35, 582, 2, 0, 0, 0, 0, 0, 1, 0, 0, 0, 0, 0, 0, 4, 0.5, 0, 0, 0, 0, 0, 0, 267000000, 0, 0
10, 126, 3, 1, 0, 0, 0, 0, 1, 1, 0, 1, 0, 0, 0, 6, 0.5, 0, 0, 0, 0, 0, 0, 9840000, 0, 0
8, 137, 3, 0, 0, 0, 1, 0, 1, 1, 0, 0, 0, 0, 0, 6, 0.5, 0, 0, 0, 1, 0, 0, 250000000, 0, 0
10, 99, 3, 0, 0, 0, 0, 0, 0, 1, 0, 0, 0, 0, 0, 6, 0.5, 0, 0, 0, 0, 0, 0, 5250000, 0, 0
28, 521, 2, 0, 0, 0, 0, 0, 1, 0, 0, 0, 0, 0, 0, 4, 0.5, 0, 0, 0, 0, 0, 0, 44200000, 0, 0
4, 142, 2, 0, 0, 0, 1, 0, 2, 0, 0, 0, 0, 0, 1, 5, 0.4, 0, 0, 0, 0, 0, 1, 21100000, 0, 0
27, 529, 3, 0, 0, 0, 0, 0, 0, 0, 0, 1, 0, 0, 0, 5, 0.6, 0, 0, 0, 1, 0, 0, 3320000, 0, 0
10, 140, 3, 0, 0, 0, 0, 0, 1, 0, 0, 0, 0, 0, 0, 5, 0.6, 0, 1, 0, 0, 0, 0, 289000000, 1, 0
18, 241, 3, 0, 0, 0, 0, 1, 0, 0, 0, 1, 0, 0, 0, 5, 0.6, 0, 0, 0, 1, 0, 0, 273000000, 0, 0
22, 288, 2, 1, 0, 0, 0, 0, 1, 1, 0, 1, 0, 0, 0, 5, 0.4, 0, 0, 0, 1, 0, 0, 2220000, 0, 0
26, 530, 2, 1, 0, 0, 1, 0, 1, 0, 0, 1, 0, 0, 0, 4, 0.5, 0, 0, 0, 1, 0, 0, 621000000, 0, 0
8, 152, 3, 1, 0, 0, 1, 0, 2, 0, 0, 1, 0, 0, 0, 6, 0.5, 0, 0, 0, 1, 0, 0, 16400000, 0, 0
2, 2, 4, 1, 0, 0, 1, 0, 1, 0, 0, 1, 0, 0, 0, 9, 0.444444, 0, 0, 0, 0, 0, 0, 34600000, 0, 0
1, 12, 3, 1, 0, 0, 0, 0, 2, 0, 0, 1, 0, 0, 0, 7, 0.428571, 0, 0, 0, 1, 0, 0, 6160000, 0, 0
3, 34, 4, 1, 0, 0, 0, 0, 1, 0, 0, 1, 0, 0, 0, 7, 0.571429, 0, 1, 0, 0, 0, 0, 2180000, 0, 0
6, 121, 2, 1, 0, 0, 1, 0, 2, 0, 0, 1, 0, 0, 0, 5, 0.4, 0, 0, 0, 0, 0, 0, 10800000, 0, 0
10, 124, 3, 1, 0, 0, 0, 0, 0, 1, 0, 1, 0, 0, 0, 6, 0.5, 0, 0, 0, 1, 0, 0, 56200000, 0, 0
9, 212, 3, 1, 0, 0, 0, 0, 0, 1, 0, 1, 0, 0, 0, 5, 0.6, 0, 1, 0, 0, 0, 0, 161000000, 0, 0
5, 21, 3, 1, 0, 0, 0, 0, 1, 0, 0, 1, 0, 0, 0, 6, 0.5, 0, 0, 0, 1, 0, 0, 962000, 0, 0
41, 801, 2, 0, 0, 0, 0, 0, 0, 0, 0, 1, 0, 0, 0, 4, 0.5, 0, 0, 0, 1, 0, 0, 357000000, 0, 0
13, 288, 2, 0, 0, 0, 0, 0, 0, 0, 0, 0, 0, 0, 0, 4, 0.5, 0, 0, 0, 1, 0, 0, 3550000000, 0, 0
8, 243, 2, 0, 0, 0, 0, 0, 2, 0, 0, 0, 0, 0, 0, 5, 0.4, 0, 0, 0, 1, 0, 0, 42500000, 0, 0
13, 197, 3, 0, 0, 0, 0, 0, 0, 2, 0, 0, 0, 0, 0, 6, 0.5, 0, 0, 0, 1, 0, 0, 102000000, 0, 0
9, 92, 3, 0, 0, 0, 1, 0, 1, 2, 0, 0, 0, 0, 0, 7, 0.428571, 0, 0, 0, 0, 0, 0, 5010000, 0, 0
35, 460, 2, 0, 0, 0, 0, 0, 0, 1, 0, 0, 0, 0, 0, 5, 0.4, 0, 0, 0, 0, 0, 0, 43600000, 0, 0
4, 26, 3, 0, 0, 0, 0, 0, 0, 1, 0, 0, 0, 0, 0, 7, 0.428571, 0, 0, 0, 1, 0, 0, 15100000, 0, 0
9, 56, 3, 0, 0, 0, 0, 0, 2, 0, 0, 0, 0, 0, 0, 7, 0.428571, 0, 0, 0, 1, 0, 0, 10900000, 0, 0
33, 629, 2, 0, 0, 0, 0, 0, 1, 0, 0, 0, 0, 0, 0, 5, 0.4, 0, 0, 0, 0, 0, 0, 102000000, 0, 0
21, 251, 3, 0, 0, 0, 0, 0, 2, 0, 0, 0, 0, 0, 0, 7, 0.428571, 0, 0, 0, 0, 0, 0, 15100000, 0, 0
51, 818, 2, 0, 0, 0, 1, 0, 1, 0, 0, 0, 0, 0, 0, 4, 0.5, 0, 0, 0, 1, 0, 0, 739000000, 0, 0
8, 82, 3, 0, 0, 0, 1, 0, 3, 0, 0, 0, 0, 0, 1, 8, 0.375, 0, 0, 0, 0, 0, 1, 58500000, 0, 0
22, 344, 2, 0, 0, 0, 1, 0, 1, 1, 0, 0, 0, 0, 0, 5, 0.4, 0, 0, 0, 1, 0, 0, 5600000, 0, 0
9, 112, 3, 0, 0, 0, 1, 0, 1, 1, 0, 0, 0, 0, 0, 7, 0.428571, 0, 0, 0, 0, 0, 0, 11000000, 0, 0
2, 43, 3, 0, 0, 0, 2, 0, 2, 0, 0, 1, 0, 0, 0, 8, 0.375, 0, 0, 0, 0, 0, 0, 718000, 0, 0
5, 38, 4, 0, 0, 0, 1, 0, 3, 0, 0, 1, 0, 0, 1, 9, 0.444444, 0, 0, 0, 0, 0, 1, 3660000, 0, 0
13, 195, 3, 0, 0, 0, 2, 0, 3, 1, 0, 0, 0, 0, 1, 8, 0.375, 0, 0, 0, 0, 0, 1, 1330000, 0, 0
2, 32, 4, 0, 0, 0, 2, 0, 0, 1, 0, 0, 0, 0, 0, 7, 0.571429, 0, 1, 0, 0, 0, 0, 75100000, 0, 0
9, 160, 3, 0, 0, 0, 2, 0, 1, 0, 0, 1, 0, 0, 0, 7, 0.428571, 0, 0, 0, 1, 0, 0, 1060000, 0, 0
9, 46, 4, 0, 1, 0, 0, 0, 1, 0, 0, 0, 0, 0, 0, 7, 0.571429, 0, 1, 0, 0, 0, 0, 60000000, 0, 0
13, 195, 2, 0, 0, 0, 0, 0, 2, 0, 0, 0, 0, 0, 0, 5, 0.4, 0, 0, 0, 1, 0, 0, 1160000000, 0, 0
31, 496, 2, 0, 0, 0, 0, 0, 0, 1, 0, 0, 0, 0, 0, 4, 0.5, 0, 0, 0, 1, 0, 0, 1080000000, 0, 0
22, 406, 1, 0, 0, 0, 0, 0, 0, 1, 0, 0, 0, 0, 0, 3, 0.333333, 0, 0, 0, 1, 0, 0, 1940000000, 0, 0
9, 116, 3, 0, 1, 0, 0, 0, 0, 1, 0, 0, 0, 0, 0, 6, 0.5, 0, 0, 0, 1, 0, 0, 7920000, 0, 0
10, 170, 2, 0, 0, 0, 0, 0, 1, 1, 0, 0, 0, 0, 0, 6, 0.333333, 1, 0, 0, 0, 0, 0, 274000000, 0, 0
22, 313, 3, 0, 0, 0, 0, 0, 0, 0, 0, 0, 0, 0, 0, 5, 0.6, 0, 1, 0, 0, 0, 0, 49900000, 0, 0
7, 94, 3, 1, 0, 0, 0, 0, 1, 0, 0, 1, 0, 0, 0, 7, 0.428571, 0, 0, 0, 0, 0, 0, 2800000, 0, 0
7, 81, 3, 0, 0, 0, 1, 0, 1, 0, 0, 0, 0, 0, 0, 7, 0.428571, 0, 0, 0, 0, 0, 0, 2580000, 0, 0
38, 698, 2, 0, 0, 0, 1, 0, 1, 0, 0, 0, 0, 0, 0, 4, 0.5, 0, 0, 0, 1, 0, 0, 148000000, 0, 0
5, 67, 3, 0, 0, 0, 1, 0, 2, 1, 0, 0, 0, 0, 0, 7, 0.428571, 0, 0, 0, 0, 0, 0, 3600000, 0, 0
39, 661, 2, 0, 0, 0, 0, 0, 0, 1, 1, 0, 0, 0, 0, 4, 0.5, 0, 0, 0, 1, 0, 0, 10600000, 0, 0
21, 429, 2, 0, 0, 0, 0, 0, 2, 0, 1, 0, 0, 0, 0, 5, 0.4, 0, 0, 0, 1, 0, 0, 8070000, 0, 0
8, 110, 3, 0, 0, 0, 0, 0, 1, 0, 0, 1, 0, 0, 0, 6, 0.5, 0, 0, 0, 1, 0, 0, 4770000, 0, 0
26, 431, 2, 0, 0, 0, 1, 0, 1, 0, 0, 1, 0, 0, 0, 5, 0.4, 0, 0, 0, 1, 0, 0, 226000000, 0, 0
28, 421, 2, 0, 0, 0, 0, 0, 0, 1, 0, 1, 0, 0, 0, 4, 0.5, 0, 0, 0, 1, 0, 0, 2270000, 0, 0
6, 23, 5, 0, 0, 0, 2, 0, 2, 1, 0, 2, 0, 0, 0, 13, 0.384615, 0, 0, 0, 0, 0, 0, 483000, 0, 0
17, 226, 3, 0, 0, 0, 0, 0, 0, 0, 0, 1, 0, 0, 0, 5, 0.6, 0, 1, 0, 0, 0, 0, 38100000, 0, 0
7, 116, 3, 0, 0, 0, 0, 0, 1, 1, 0, 1, 0, 0, 0, 6, 0.5, 0, 0, 0, 1, 0, 0, 98000000, 0, 0
3, 22, 4, 0, 0, 0, 1, 0, 1, 1, 0, 1, 0, 0, 0, 9, 0.444444, 0, 1, 0, 0, 0, 1, 180000000, 0, 0
5, 35, 3, 0, 0, 0, 1, 0, 2, 0, 1, 1, 0, 0, 0, 8, 0.375, 0, 0, 0, 0, 0, 0, 14400000, 0, 0
8, 106, 2, 0, 0, 0, 0, 0, 2, 0, 0, 1, 0, 0, 0, 5, 0.4, 0, 0, 0, 1, 0, 0, 60400000, 0, 0
18, 267, 2, 0, 0, 0, 1, 0, 1, 0, 0, 1, 0, 0, 0, 4, 0.5, 0, 1, 0, 0, 0, 0, 192000000, 0, 0
3, 15, 5, 0, 0, 0, 2, 0, 1, 0, 0, 1, 0, 0, 0, 9, 0.555556, 0, 1, 0, 0, 0, 0, 21400000, 0, 0
2, 16, 6, 0, 0, 0, 1, 0, 1, 1, 1, 0, 0, 0, 0, 10, 0.6, 0, 1, 0, 0, 0, 0, 1880000, 1, 0
9, 147, 4, 0, 0, 0, 1, 0, 2, 1, 0, 1, 0, 0, 0, 8, 0.5, 0, 0, 0, 0, 0, 0, 6720000, 0, 0
8, 112, 2, 0, 0, 0, 0, 0, 1, 1, 0, 0, 0, 0, 0, 5, 0.4, 1, 0, 0, 0, 0, 0, 7520000, 0, 0
34, 540, 1, 0, 0, 0, 1, 0, 1, 0, 0, 0, 0, 0, 0, 2, 0.5, 0, 0, 0, 1, 0, 0, 2290000000, 0, 0
20, 541, 2, 0, 0, 0, 1, 0, 1, 0, 0, 0, 0, 0, 0, 3, 0.666667, 0, 0, 0, 1, 0, 0, 153000000, 0, 0
12, 119, 3, 0, 0, 0, 1, 0, 2, 0, 0, 1, 0, 0, 0, 7, 0.428571, 0, 0, 0, 0, 0, 0, 18300000, 0, 0
9, 62, 4, 0, 0, 0, 1, 0, 2, 0, 0, 0, 0, 0, 0, 8, 0.5, 0, 0, 0, 0, 0, 0, 5480000, 0, 0
18, 318, 2, 0, 0, 0, 1, 0, 1, 0, 0, 0, 0, 0, 0, 4, 0.5, 0, 0, 0, 0, 0, 0, 984000000, 0, 0
20, 315, 2, 0, 0, 0, 2, 0, 2, 0, 0, 0, 0, 0, 0, 5, 0.4, 0, 0, 0, 0, 0, 0, 176000000, 0, 0
9, 52, 3, 1, 0, 0, 0, 0, 1, 0, 0, 1, 0, 0, 0, 7, 0.428571, 0, 0, 0, 0, 0, 0, 37800000, 0, 0
23, 335, 2, 0, 0, 0, 0, 0, 1, 0, 0, 0, 0, 0, 0, 5, 0.4, 0, 0, 0, 0, 0, 0, 125000000, 0, 0
9, 109, 3, 0, 0, 0, 1, 0, 1, 1, 0, 0, 0, 0, 0, 6, 0.5, 0, 0, 0, 1, 0, 0, 33500000, 0, 0
4, 71, 3, 0, 0, 0, 0, 0, 1, 0, 0, 0, 0, 0, 0, 6, 0.5, 0, 1, 0, 0, 0, 0, 5220000, 0, 0
23, 358, 2, 0, 0, 0, 1, 0, 1, 0, 0, 0, 0, 0, 0, 5, 0.4, 0, 0, 0, 1, 0, 0, 459000000, 0, 0
8, 80, 2, 0, 0, 0, 1, 0, 2, 0, 0, 0, 0, 0, 0, 6, 0.333333, 0, 0, 0, 0, 0, 0, 30200000, 0, 0
9, 277, 2, 0, 0, 0, 0, 0, 1, 0, 0, 0, 0, 0, 0, 4, 0.5, 0, 1, 0, 0, 0, 0, 34900000, 0, 0
10, 155, 2, 0, 0, 0, 1, 0, 2, 0, 0, 0, 0, 0, 0, 6, 0.333333, 0, 0, 0, 0, 0, 0, 2540000, 0, 0
20, 224, 2, 0, 0, 0, 0, 0, 1, 0, 0, 0, 0, 0, 0, 5, 0.4, 0, 0, 0, 0, 0, 0, 16400000, 0, 0
6, 76, 3, 0, 0, 0, 0, 0, 2, 0, 0, 0, 0, 0, 0, 7, 0.428571, 0, 0, 0, 0, 0, 0, 2160000, 1, 0
17, 371, 2, 0, 0, 0, 0, 0, 0, 0, 0, 0, 0, 0, 0, 3, 0.666667, 0, 1, 0, 0, 0, 0, 237000000, 0, 0
8, 105, 3, 0, 0, 0, 0, 0, 1, 0, 0, 0, 0, 0, 0, 6, 0.5, 0, 1, 0, 0, 0, 0, 62400000, 0, 0
34, 683, 2, 0, 0, 0, 1, 0, 2, 0, 0, 0, 0, 0, 0, 5, 0.4, 0, 0, 0, 1, 0, 0, 4370000, 0, 0
39, 662, 2, 0, 0, 0, 0, 0, 0, 1, 0, 0, 0, 0, 0, 4, 0.5, 0, 0, 0, 1, 0, 0, 85500000, 0, 0
5, 39, 3, 0, 0, 0, 0, 0, 1, 1, 0, 0, 0, 0, 0, 8, 0.375, 0, 0, 0, 0, 0, 0, 12500000, 0, 0
26, 421, 2, 0, 0, 0, 0, 0, 0, 1, 0, 0, 0, 0, 0, 4, 0.5, 0, 0, 0, 1, 0, 0, 20200000, 0, 0
7, 120, 3, 0, 0, 0, 2, 0, 2, 0, 0, 0, 0, 0, 0, 7, 0.428571, 0, 1, 0, 0, 0, 0, 203000000, 0, 0
13, 203, 3, 0, 0, 0, 1, 0, 1, 0, 0, 1, 0, 0, 0, 5, 0.6, 0, 1, 0, 0, 0, 0, 652000000, 0, 0
6, 71, 3, 0, 0, 0, 0, 0, 1, 0, 0, 0, 0, 1, 0, 5, 0.6, 0, 1, 0, 0, 0, 0, 125000000, 0, 1
11, 50, 3, 0, 0, 0, 1, 0, 3, 0, 0, 0, 1, 0, 0, 7, 0.428571, 1, 0, 0, 0, 0, 0, 3460000, 0, 0
11, 60, 3, 0, 0, 0, 0, 0, 1, 1, 0, 0, 0, 0, 0, 7, 0.428571, 0, 0, 0, 0, 0, 0, 46500000, 0, 0
5, 27, 4, 0, 0, 0, 1, 0, 1, 2, 0, 2, 0, 0, 0, 10, 0.4, 0, 0, 0, 0, 0, 0, 2710000, 0, 0
3, 15, 4, 0, 0, 0, 1, 0, 0, 2, 0, 0, 0, 0, 0, 8, 0.5, 0, 1, 0, 0, 0, 0, 24600000, 0, 0
1, 19, 4, 0, 0, 0, 1, 0, 1, 2, 0, 0, 0, 0, 0, 8, 0.5, 0, 1, 0, 0, 0, 0, 1420000, 0, 0
4, 37, 3, 0, 0, 0, 1, 0, 2, 1, 0, 0, 0, 0, 0, 7, 0.428571, 1, 0, 0, 0, 0, 0, 15900000, 0, 0
5, 43, 4, 0, 1, 0, 1, 0, 0, 0, 0, 0, 0, 0, 0, 6, 0.666667, 0, 1, 0, 0, 0, 0, 25400000, 1, 0
11, 153, 2, 0, 1, 0, 1, 0, 1, 1, 0, 0, 0, 0, 0, 6, 0.333333, 0, 0, 0, 0, 0, 0, 51400000, 1, 0
34, 584, 1, 0, 0, 0, 0, 0, 1, 0, 0, 0, 0, 0, 0, 2, 0.5, 0, 0, 0, 1, 0, 0, 3980000000, 0, 0
36, 640, 2, 0, 0, 0, 0, 0, 1, 0, 0, 1, 0, 0, 0, 4, 0.5, 0, 0, 0, 1, 0, 0, 155000000, 0, 0
12, 182, 2, 0, 0, 0, 0, 0, 1, 1, 0, 0, 0, 0, 0, 5, 0.4, 0, 0, 0, 1, 0, 0, 211000000, 0, 0
12, 120, 2, 1, 0, 0, 0, 0, 2, 0, 0, 0, 0, 0, 1, 5, 0.4, 0, 0, 0, 0, 0, 1, 16600000, 0, 0
18, 195, 2, 0, 0, 0, 0, 0, 2, 1, 0, 0, 0, 0, 1, 5, 0.4, 0, 0, 0, 0, 0, 1, 24300000, 0, 0
12, 143, 2, 0, 0, 0, 0, 0, 2, 1, 0, 0, 0, 0, 1, 5, 0.4, 0, 0, 0, 0, 0, 1, 22500000, 0, 0
30, 424, 2, 0, 0, 0, 0, 0, 1, 1, 0, 0, 0, 0, 0, 4, 0.5, 0, 0, 0, 1, 0, 0, 13000000, 0, 0
34, 551, 2, 0, 0, 0, 0, 0, 1, 1, 0, 0, 0, 0, 0, 4, 0.5, 0, 0, 0, 1, 0, 0, 159000000, 0, 0
4, 45, 3, 0, 0, 0, 0, 0, 2, 1, 0, 0, 0, 0, 0, 7, 0.428571, 0, 0, 0, 0, 0, 0, 6370000, 0, 0
9, 103, 3, 0, 0, 0, 0, 0, 2, 0, 0, 0, 0, 0, 0, 6, 0.5, 0, 0, 0, 1, 0, 0, 1850000, 0, 0
35, 525, 2, 0, 0, 0, 0, 0, 0, 1, 0, 0, 0, 0, 0, 4, 0.5, 0, 0, 0, 1, 0, 0, 16000000, 0, 0
20, 444, 1, 0, 0, 0, 0, 0, 1, 1, 0, 0, 0, 0, 0, 3, 0.333333, 0, 0, 0, 1, 0, 0, 390000000, 0, 0
37, 628, 2, 0, 0, 0, 0, 0, 0, 2, 0, 0, 0, 0, 0, 4, 0.5, 0, 0, 0, 1, 0, 0, 201000000, 0, 0
46, 690, 2, 0, 0, 0, 0, 0, 0, 2, 0, 0, 0, 0, 0, 4, 0.5, 0, 0, 0, 1, 0, 0, 190000000, 0, 0
12, 117, 2, 0, 0, 1, 0, 0, 1, 1, 0, 0, 0, 0, 0, 6, 0.333333, 1, 0, 0, 0, 1, 0, 1990000, 0, 0
20, 258, 3, 0, 0, 0, 1, 0, 1, 1, 0, 1, 0, 0, 0, 6, 0.5, 0, 1, 0, 0, 0, 0, 49800000, 0, 0
5, 60, 3, 0, 0, 0, 1, 0, 1, 2, 0, 0, 0, 0, 0, 7, 0.428571, 0, 0, 0, 1, 0, 0, 134000000, 1, 0
11, 166, 2, 0, 0, 0, 1, 0, 1, 2, 0, 0, 0, 0, 0, 5, 0.4, 0, 0, 0, 0, 0, 0, 192000000, 0, 0
2, 19, 4, 0, 0, 0, 1, 0, 2, 1, 0, 0, 0, 0, 0, 8, 0.5, 0, 1, 0, 0, 0, 0, 13800000, 0, 0
12, 78, 3, 0, 0, 0, 1, 0, 2, 1, 0, 0, 0, 0, 0, 7, 0.428571, 0, 0, 0, 0, 0, 0, 8750000, 0, 0
11, 156, 3, 0, 0, 0, 0, 0, 1, 2, 0, 0, 0, 0, 0, 6, 0.5, 0, 0, 0, 1, 0, 0, 10900000, 0, 0
1, 122, 2, 0, 1, 0, 0, 0, 1, 1, 0, 0, 0, 0, 0, 5, 0.4, 0, 0, 0, 1, 0, 0, 169000000, 0, 0
18, 266, 2, 0, 0, 0, 1, 0, 2, 1, 0, 0, 0, 0, 0, 6, 0.333333, 0, 0, 0, 0, 0, 0, 10800000, 0, 0
7, 86, 3, 0, 0, 0, 0, 0, 0, 1, 0, 1, 0, 0, 0, 6, 0.5, 0, 0, 0, 1, 0, 0, 66800000, 0, 0
11, 263, 2, 0, 0, 0, 0, 0, 0, 2, 0, 1, 0, 0, 0, 5, 0.4, 0, 0, 0, 1, 0, 0, 1480000, 0, 0
4, 49, 3, 1, 0, 0, 0, 0, 1, 1, 0, 1, 0, 0, 0, 6, 0.5, 0, 1, 0, 0, 0, 0, 6060000, 0, 0
17, 253, 2, 0, 0, 0, 0, 0, 0, 2, 0, 0, 0, 0, 0, 4, 0.5, 0, 0, 0, 1, 0, 0, 361000000, 0, 0
17, 310, 2, 1, 0, 0, 0, 0, 1, 0, 0, 1, 0, 0, 0, 4, 0.5, 0, 0, 0, 0, 0, 0, 104000000, 0, 0
20, 363, 2, 0, 0, 0, 0, 0, 2, 0, 0, 0, 0, 0, 0, 4, 0.5, 0, 0, 0, 1, 0, 0, 206000000, 0, 0
5, 47, 3, 0, 0, 0, 1, 0, 2, 0, 1, 0, 0, 0, 0, 6, 0.5, 0, 0, 0, 0, 0, 0, 22400000, 1, 0
55, 898, 2, 0, 0, 0, 0, 0, 1, 0, 0, 0, 0, 0, 0, 4, 0.5, 0, 0, 0, 1, 0, 0, 27800000, 0, 0
11, 182, 3, 0, 0, 0, 0, 0, 1, 1, 0, 0, 0, 0, 0, 6, 0.5, 0, 0, 0, 1, 0, 0, 28300000, 0, 0
26, 554, 1, 0, 0, 0, 0, 0, 0, 1, 0, 0, 0, 0, 0, 3, 0.333333, 0, 0, 0, 1, 0, 0, 260000000, 0, 0
47, 716, 2, 0, 0, 0, 0, 0, 0, 0, 0, 0, 0, 0, 0, 4, 0.5, 0, 0, 0, 1, 0, 0, 150000000, 0, 0
17, 257, 2, 0, 0, 0, 0, 0, 1, 0, 0, 0, 0, 0, 0, 5, 0.4, 0, 0, 0, 1, 0, 0, 116000000, 0, 0
56, 991, 2, 0, 0, 0, 0, 0, 1, 0, 0, 0, 0, 0, 0, 4, 0.5, 0, 0, 0, 1, 0, 0, 1900000000, 0, 0
33, 515, 2, 0, 0, 0, 1, 0, 2, 0, 0, 0, 0, 0, 0, 5, 0.4, 0, 0, 0, 1, 0, 0, 111000000, 0, 0
16, 177, 3, 0, 0, 0, 1, 0, 1, 1, 0, 0, 0, 0, 0, 7, 0.428571, 0, 0, 0, 1, 0, 0, 3620000, 0, 0
9, 148, 2, 0, 0, 0, 0, 0, 1, 0, 0, 1, 0, 0, 0, 5, 0.4, 0, 0, 0, 1, 0, 0, 45800000, 0, 0
31, 515, 2, 0, 0, 0, 0, 0, 1, 0, 0, 0, 0, 0, 0, 4, 0.5, 0, 0, 0, 1, 0, 0, 245000000, 0, 0
2, 10, 4, 0, 0, 0, 0, 0, 2, 0, 1, 0, 0, 0, 0, 8, 0.5, 0, 0, 0, 1, 0, 0, 44900000, 0, 0
1, 26, 4, 0, 0, 0, 1, 0, 0, 1, 0, 0, 0, 0, 0, 8, 0.5, 0, 1, 0, 0, 0, 0, 14500000, 0, 0
11, 251, 2, 0, 0, 0, 0, 0, 1, 0, 0, 0, 0, 0, 0, 4, 0.5, 0, 1, 0, 0, 0, 0, 54300000, 0, 0
31, 504, 2, 0, 0, 0, 1, 0, 1, 0, 0, 0, 0, 0, 0, 4, 0.5, 0, 0, 0, 1, 0, 0, 63700000, 0, 0
2, 44, 3, 0, 0, 0, 1, 0, 2, 0, 0, 0, 0, 0, 0, 7, 0.428571, 0, 0, 0, 0, 0, 0, 13400000, 0, 0
18, 315, 2, 0, 0, 0, 0, 0, 1, 0, 0, 0, 0, 0, 0, 5, 0.4, 0, 0, 0, 0, 0, 0, 82700000, 0, 0
37, 626, 2, 0, 0, 0, 0, 0, 0, 0, 0, 0, 0, 0, 0, 4, 0.5, 0, 0, 0, 1, 0, 0, 229000000, 0, 0
37, 604, 2, 0, 0, 0, 1, 0, 1, 0, 0, 0, 0, 0, 0, 5, 0.4, 0, 0, 0, 1, 0, 0, 25400000, 0, 0
3, 45, 3, 0, 0, 0, 0, 0, 2, 0, 0, 0, 0, 0, 0, 7, 0.428571, 0, 0, 0, 1, 0, 0, 1520000000, 1, 0
19, 386, 1, 0, 0, 0, 0, 0, 1, 0, 0, 0, 0, 0, 0, 3, 0.333333, 0, 0, 0, 1, 0, 0, 1510000000, 0, 0
10, 63, 3, 0, 0, 0, 0, 0, 3, 0, 0, 0, 0, 0, 0, 8, 0.375, 0, 0, 0, 0, 0, 0, 26200000, 0, 0
15, 82, 2, 0, 0, 0, 0, 0, 2, 1, 0, 0, 0, 0, 0, 6, 0.333333, 0, 0, 0, 0, 0, 0, 192000000, 0, 0
2, 9, 3, 1, 0, 0, 1, 0, 3, 1, 0, 1, 0, 0, 0, 9, 0.333333, 0, 0, 0, 0, 0, 0, 190000000, 0, 0
7, 93, 2, 0, 0, 0, 0, 0, 1, 1, 0, 0, 0, 0, 0, 6, 0.333333, 0, 0, 0, 0, 0, 0, 95200000, 0, 0
17, 302, 2, 0, 0, 0, 1, 0, 2, 0, 0, 0, 0, 0, 0, 5, 0.4, 0, 0, 0, 0, 0, 0, 7230000, 0, 0
5, 44, 3, 1, 0, 0, 0, 0, 1, 0, 0, 1, 0, 0, 0, 6, 0.5, 0, 1, 0, 0, 0, 0, 76800000, 1, 0
12, 180, 2, 0, 0, 0, 0, 0, 1, 0, 0, 0, 0, 0, 0, 5, 0.4, 0, 0, 0, 0, 0, 0, 3770000, 1, 0
13, 117, 3, 0, 0, 0, 0, 0, 0, 1, 1, 0, 0, 0, 0, 6, 0.5, 0, 1, 0, 0, 0, 0, 32700000, 1, 0
13, 125, 3, 0, 0, 0, 0, 0, 0, 0, 1, 0, 0, 0, 0, 5, 0.6, 0, 1, 0, 0, 0, 0, 2210000, 0, 0
46, 828, 2, 0, 0, 0, 0, 0, 1, 1, 0, 0, 0, 0, 0, 4, 0.5, 0, 0, 0, 1, 0, 0, 30500000, 0, 0
5, 40, 4, 0, 0, 0, 2, 0, 3, 0, 0, 1, 0, 0, 0, 10, 0.4, 0, 0, 0, 0, 0, 0, 1030000, 0, 0
6, 38, 4, 0, 0, 0, 2, 0, 3, 0, 0, 1, 0, 0, 0, 10, 0.4, 0, 0, 0, 0, 0, 0, 2930000, 0, 0
14, 42, 5, 0, 0, 0, 1, 0, 2, 1, 0, 0, 0, 0, 0, 10, 0.5, 0, 1, 0, 0, 0, 0, 60500000, 0, 0
11, 185, 3, 0, 0, 0, 1, 0, 3, 0, 0, 0, 0, 0, 0, 7, 0.428571, 0, 0, 0, 1, 0, 0, 17000000, 0, 0
1, 23, 4, 0, 0, 0, 1, 0, 2, 1, 0, 1, 0, 0, 0, 9, 0.444444, 0, 1, 0, 0, 0, 0, 8770000, 0, 0
26, 513, 2, 0, 0, 0, 0, 0, 1, 0, 0, 0, 0, 0, 0, 4, 0.5, 0, 0, 0, 1, 0, 0, 221000000, 0, 0
14, 173, 2, 1, 0, 0, 0, 0, 2, 0, 0, 1, 0, 0, 0, 5, 0.4, 0, 0, 0, 0, 0, 0, 6490000, 0, 0
30, 457, 2, 0, 1, 0, 0, 0, 1, 0, 0, 0, 0, 0, 0, 4, 0.5, 0, 0, 0, 1, 0, 0, 74800000, 0, 0
15, 204, 3, 0, 0, 0, 0, 0, 2, 1, 0, 0, 0, 0, 0, 6, 0.5, 0, 0, 0, 1, 0, 0, 59700000, 0, 0
33, 602, 2, 0, 0, 0, 0, 0, 1, 0, 0, 0, 0, 0, 0, 4, 0.5, 0, 0, 0, 1, 0, 0, 124000000, 0, 0
42, 702, 2, 0, 0, 0, 0, 0, 1, 0, 0, 0, 0, 0, 0, 4, 0.5, 0, 0, 0, 1, 0, 0, 28000000, 0, 0
17, 271, 3, 0, 0, 0, 0, 0, 1, 0, 0, 1, 0, 0, 0, 5, 0.6, 0, 1, 0, 0, 0, 0, 13400000, 1, 0
6, 44, 4, 0, 0, 0, 1, 0, 2, 0, 0, 1, 0, 0, 0, 7, 0.571429, 0, 1, 0, 0, 0, 0, 2160000, 1, 0
7, 68, 3, 0, 0, 0, 0, 0, 1, 0, 0, 1, 0, 0, 0, 6, 0.5, 0, 0, 0, 1, 0, 0, 102000000, 0, 0
35, 567, 2, 0, 0, 0, 1, 0, 1, 0, 0, 0, 0, 0, 0, 4, 0.5, 0, 0, 0, 1, 0, 0, 24600000, 0, 0
16, 306, 3, 0, 0, 0, 1, 0, 3, 0, 0, 0, 0, 0, 0, 6, 0.5, 0, 0, 0, 1, 0, 0, 569000, 0, 0
6, 203, 2, 0, 0, 0, 1, 0, 3, 0, 0, 0, 0, 0, 0, 5, 0.4, 0, 0, 0, 1, 0, 0, 86300000, 0, 0
20, 248, 3, 0, 0, 0, 1, 0, 2, 0, 0, 0, 0, 0, 0, 5, 0.6, 0, 1, 0, 0, 0, 0, 16700000, 0, 0
10, 135, 2, 0, 0, 0, 1, 0, 2, 0, 0, 1, 0, 0, 0, 5, 0.4, 0, 0, 0, 1, 0, 0, 189000000, 0, 0
24, 298, 2, 0, 0, 0, 1, 0, 2, 1, 0, 0, 0, 0, 0, 5, 0.4, 0, 0, 0, 1, 0, 0, 34700000, 0, 0
27, 469, 2, 0, 0, 0, 1, 0, 1, 0, 0, 0, 0, 0, 0, 4, 0.5, 0, 0, 0, 1, 0, 0, 26600000, 0, 0
7, 101, 3, 0, 0, 0, 2, 0, 2, 0, 0, 1, 0, 0, 0, 6, 0.5, 0, 0, 0, 1, 0, 0, 884000, 0, 0
4, 125, 3, 0, 0, 0, 1, 0, 1, 2, 0, 0, 0, 0, 0, 6, 0.5, 0, 0, 0, 1, 0, 0, 275000000, 0, 0
22, 347, 2, 0, 0, 0, 1, 0, 1, 0, 0, 0, 0, 0, 0, 4, 0.5, 0, 0, 0, 1, 0, 0, 24900000, 0, 0
14, 192, 2, 1, 0, 0, 1, 0, 2, 0, 0, 1, 0, 0, 0, 5, 0.4, 0, 0, 0, 0, 0, 0, 949000000, 0, 0
13, 202, 3, 0, 0, 0, 2, 0, 1, 0, 0, 0, 0, 0, 0, 5, 0.6, 0, 1, 0, 0, 0, 0, 56500000, 0, 0
24, 359, 1, 0, 0, 0, 1, 0, 2, 0, 0, 0, 0, 0, 0, 3, 0.333333, 0, 0, 0, 1, 0, 0, 223000000, 0, 0
10, 45, 5, 0, 0, 0, 2, 0, 3, 1, 0, 0, 0, 0, 0, 10, 0.5, 0, 1, 0, 0, 0, 0, 14500000, 1, 0
23, 350, 1, 0, 0, 0, 1, 0, 1, 1, 0, 0, 0, 0, 0, 3, 0.333333, 0, 0, 0, 1, 0, 0, 1240000000, 0, 0
36, 510, 2, 0, 0, 0, 1, 0, 1, 0, 0, 0, 0, 0, 0, 4, 0.5, 0, 0, 0, 1, 0, 0, 18300000, 0, 0
3, 9, 4, 0, 0, 1, 3, 0, 3, 0, 0, 0, 0, 0, 0, 10, 0.4, 0, 0, 0, 0, 1, 0, 3570000, 0, 0
3, 6, 4, 1, 0, 0, 1, 0, 2, 2, 0, 1, 0, 0, 0, 9, 0.444444, 0, 0, 0, 0, 0, 0, 7410000, 1, 0
3, 12, 4, 0, 0, 0, 0, 0, 1, 1, 0, 0, 0, 0, 0, 8, 0.5, 0, 0, 0, 1, 0, 0, 110000000, 0, 0
11, 96, 3, 0, 0, 0, 1, 0, 2, 0, 0, 0, 0, 0, 0, 7, 0.428571, 0, 0, 0, 0, 0, 0, 16800000, 0, 0
3, 74, 3, 0, 0, 0, 1, 0, 2, 0, 0, 0, 0, 0, 0, 6, 0.5, 0, 0, 0, 1, 0, 0, 17300000, 0, 0
5, 106, 2, 0, 0, 0, 1, 0, 0, 0, 0, 0, 0, 0, 0, 5, 0.4, 0, 0, 1, 0, 0, 0, 118000000, 0, 0
14, 278, 1, 0, 0, 0, 1, 0, 0, 0, 0, 0, 0, 0, 0, 3, 0.333333, 0, 0, 0, 1, 0, 0, 23000000, 0, 0
3, 35, 3, 0, 0, 0, 1, 0, 1, 1, 0, 0, 0, 0, 0, 7, 0.428571, 0, 1, 0, 0, 0, 0, 43200000, 0, 0
28, 388, 2, 0, 0, 0, 0, 0, 0, 0, 0, 0, 0, 0, 0, 4, 0.5, 0, 0, 0, 1, 0, 0, 475000000, 0, 0
33, 550, 2, 0, 0, 0, 0, 0, 0, 0, 0, 1, 0, 0, 0, 4, 0.5, 0, 0, 0, 1, 0, 0, 278000000, 0, 0
30, 469, 2, 0, 0, 0, 0, 0, 0, 0, 0, 1, 0, 0, 0, 4, 0.5, 0, 0, 0, 1, 0, 0, 671000000, 0, 0
45, 612, 2, 0, 0, 0, 0, 0, 1, 0, 0, 0, 0, 0, 0, 4, 0.5, 0, 0, 0, 1, 0, 0, 52000000, 0, 0
10, 243, 2, 0, 0, 0, 0, 0, 1, 0, 0, 0, 0, 0, 0, 5, 0.4, 0, 0, 0, 1, 0, 0, 1150000000, 0, 0
4, 21, 4, 0, 0, 0, 1, 0, 1, 0, 0, 2, 0, 0, 0, 9, 0.444444, 0, 0, 0, 0, 0, 0, 9870000, 1, 0
3, 8, 4, 0, 0, 0, 2, 0, 2, 0, 0, 0, 0, 0, 0, 10, 0.4, 0, 0, 0, 0, 0, 0, 517000, 0, 0
24, 538, 1, 0, 0, 0, 1, 0, 2, 0, 0, 0, 0, 0, 0, 4, 0.25, 0, 0, 0, 0, 0, 0, 240000000, 0, 0
7, 154, 2, 0, 0, 0, 1, 0, 2, 0, 0, 0, 0, 0, 0, 6, 0.333333, 0, 0, 0, 0, 0, 0, 45200000, 0, 0
5, 53, 3, 0, 0, 0, 0, 0, 1, 1, 0, 0, 0, 0, 0, 8, 0.375, 0, 0, 0, 0, 0, 0, 2450000, 0, 0
10, 99, 3, 0, 0, 0, 0, 0, 1, 0, 0, 0, 0, 0, 0, 6, 0.5, 0, 0, 0, 1, 0, 0, 19400000, 0, 0
15, 369, 1, 0, 0, 0, 0, 0, 0, 1, 0, 0, 0, 0, 0, 2, 0.5, 0, 0, 0, 1, 0, 0, 1640000000, 0, 0
6, 57, 3, 1, 0, 0, 1, 0, 1, 0, 0, 1, 0, 0, 0, 7, 0.428571, 0, 0, 0, 0, 0, 0, 41500000, 0, 0
19, 412, 2, 1, 0, 0, 0, 0, 0, 0, 0, 1, 0, 0, 0, 4, 0.5, 0, 0, 0, 1, 0, 0, 389000000, 0, 0
5, 25, 4, 1, 0, 0, 1, 0, 2, 1, 0, 0, 0, 0, 0, 8, 0.5, 0, 1, 0, 0, 0, 0, 1420000, 0, 0
13, 206, 2, 2, 0, 0, 0, 0, 0, 0, 0, 0, 0, 0, 0, 4, 0.5, 0, 0, 0, 1, 0, 0, 97800000, 0, 0
14, 244, 2, 2, 0, 0, 0, 0, 0, 0, 0, 0, 0, 0, 0, 4, 0.5, 0, 0, 0, 1, 0, 0, 182000000, 0, 0
8, 199, 1, 1, 0, 0, 1, 0, 0, 0, 0, 0, 0, 0, 0, 3, 0.333333, 0, 0, 0, 1, 0, 0, 90300000, 0, 0
6, 79, 3, 0, 0, 0, 0, 0, 0, 0, 0, 0, 0, 0, 0, 5, 0.6, 0, 0, 0, 1, 0, 0, 54800000, 0, 0
13, 270, 2, 1, 0, 0, 1, 0, 1, 1, 0, 0, 0, 0, 0, 5, 0.4, 0, 0, 0, 1, 0, 0, 9080000, 0, 0
2, 58, 3, 0, 0, 0, 0, 0, 1, 0, 0, 0, 0, 0, 0, 6, 0.5, 0, 1, 0, 0, 0, 0, 106000000, 0, 0
12, 231, 2, 0, 0, 0, 0, 0, 1, 0, 0, 0, 0, 0, 0, 4, 0.5, 0, 0, 0, 1, 0, 0, 12500000, 0, 0
8, 48, 4, 0, 0, 0, 0, 0, 0, 0, 1, 0, 0, 0, 0, 6, 0.666667, 0, 1, 0, 0, 0, 0, 155000000, 1, 0
13, 219, 2, 1, 0, 0, 0, 0, 1, 0, 0, 0, 0, 0, 0, 5, 0.4, 0, 0, 0, 0, 0, 0, 27300000, 0, 0
10, 125, 4, 0, 0, 0, 0, 0, 2, 0, 0, 0, 0, 0, 0, 7, 0.571429, 0, 1, 0, 0, 0, 0, 10500000, 0, 0
18, 208, 3, 0, 0, 0, 1, 0, 1, 2, 0, 0, 0, 0, 0, 7, 0.428571, 0, 0, 0, 1, 0, 0, 112000000, 0, 0
24, 413, 2, 0, 0, 0, 0, 0, 1, 0, 0, 0, 0, 0, 0, 4, 0.5, 0, 0, 0, 1, 0, 0, 65200000, 0, 0
15, 101, 3, 0, 0, 0, 0, 0, 1, 1, 0, 0, 0, 0, 0, 6, 0.5, 0, 1, 0, 0, 0, 0, 60800000, 0, 0
37, 599, 2, 0, 0, 0, 0, 0, 0, 0, 0, 0, 0, 0, 0, 4, 0.5, 0, 0, 0, 1, 0, 0, 99700000, 0, 0
11, 134, 2, 0, 0, 1, 0, 0, 0, 1, 0, 0, 0, 0, 0, 6, 0.333333, 1, 0, 0, 0, 1, 0, 6090000, 0, 0
33, 596, 2, 1, 0, 0, 0, 0, 1, 0, 0, 1, 0, 0, 0, 4, 0.5, 0, 0, 0, 1, 0, 0, 111000000, 0, 0
12, 26, 4, 0, 0, 0, 1, 0, 2, 0, 0, 0, 0, 0, 0, 9, 0.444444, 0, 0, 0, 0, 0, 0, 5260000, 0, 0
15, 181, 2, 0, 0, 0, 0, 0, 0, 1, 0, 0, 0, 0, 0, 5, 0.4, 0, 0, 0, 0, 0, 0, 858000, 0, 0
21, 244, 2, 0, 0, 0, 0, 0, 1, 1, 0, 0, 0, 0, 0, 6, 0.333333, 0, 0, 0, 0, 0, 0, 26800000, 0, 0
8, 69, 3, 0, 0, 0, 1, 0, 1, 1, 0, 1, 0, 0, 0, 7, 0.428571, 0, 0, 0, 0, 0, 0, 86200000, 0, 0
17, 164, 3, 0, 0, 0, 1, 0, 2, 0, 0, 2, 0, 0, 0, 7, 0.428571, 0, 0, 0, 0, 0, 0, 14200000, 0, 0
26, 435, 2, 0, 0, 0, 0, 0, 0, 1, 0, 0, 0, 0, 0, 4, 0.5, 0, 0, 0, 1, 0, 0, 8140000, 0, 0
9, 62, 4, 0, 0, 0, 0, 0, 1, 1, 0, 0, 0, 0, 0, 8, 0.5, 0, 1, 0, 0, 0, 0, 55000000, 0, 0
16, 203, 2, 0, 0, 1, 1, 0, 1, 0, 0, 0, 0, 0, 0, 6, 0.333333, 0, 0, 0, 0, 1, 0, 17100000, 0, 0
18, 191, 2, 0, 0, 1, 0, 0, 1, 0, 0, 0, 0, 0, 0, 5, 0.4, 0, 0, 0, 0, 1, 0, 33100000, 0, 0
13, 153, 3, 0, 0, 0, 1, 0, 1, 1, 0, 0, 0, 0, 0, 5, 0.6, 0, 1, 0, 0, 0, 0, 40600000, 1, 0
29, 488, 2, 0, 0, 0, 1, 0, 1, 1, 0, 0, 0, 0, 0, 5, 0.4, 0, 0, 0, 1, 0, 0, 20000000, 0, 0
10, 163, 3, 0, 0, 0, 1, 0, 2, 2, 0, 0, 0, 0, 0, 7, 0.428571, 0, 0, 0, 1, 0, 0, 6510000, 0, 0
9, 101, 2, 0, 0, 0, 1, 0, 3, 0, 0, 0, 1, 0, 0, 6, 0.333333, 1, 0, 0, 0, 0, 0, 19100000, 0, 0
35, 456, 2, 0, 0, 0, 0, 0, 0, 1, 0, 1, 0, 0, 0, 4, 0.5, 0, 0, 0, 1, 0, 0, 176000000, 0, 0
12, 129, 3, 0, 0, 0, 1, 0, 3, 0, 0, 0, 0, 0, 1, 8, 0.375, 0, 0, 0, 0, 0, 1, 9010000, 0, 0
35, 551, 2, 0, 0, 0, 0, 0, 0, 0, 0, 0, 0, 0, 0, 4, 0.5, 0, 0, 0, 1, 0, 0, 41900000, 0, 0
49, 638, 2, 0, 0, 0, 0, 0, 0, 0, 0, 0, 0, 0, 0, 4, 0.5, 0, 0, 0, 1, 0, 0, 151000000, 0, 0
2, 5, 4, 0, 0, 0, 0, 0, 1, 1, 0, 0, 0, 0, 0, 8, 0.5, 0, 0, 0, 1, 0, 0, 156000000, 0, 0
51, 843, 2, 0, 0, 0, 0, 0, 0, 0, 0, 0, 0, 0, 0, 4, 0.5, 0, 0, 0, 1, 0, 0, 23300000, 0, 0
5, 21, 3, 1, 0, 0, 0, 0, 1, 0, 0, 1, 0, 0, 0, 7, 0.428571, 0, 0, 0, 0, 0, 0, 147000000, 0, 0
9, 133, 3, 0, 0, 0, 0, 0, 2, 0, 0, 0, 0, 0, 0, 6, 0.5, 0, 1, 0, 0, 0, 0, 6180000, 0, 0
10, 184, 3, 0, 0, 0, 1, 0, 0, 0, 0, 1, 0, 0, 0, 6, 0.5, 0, 0, 0, 1, 0, 0, 2550000, 0, 0
5, 37, 3, 0, 1, 0, 1, 0, 2, 2, 0, 0, 0, 0, 0, 8, 0.375, 0, 0, 0, 0, 0, 0, 3590000, 0, 0
15, 287, 2, 0, 0, 0, 1, 0, 0, 1, 0, 0, 0, 0, 0, 4, 0.5, 0, 0, 0, 1, 0, 0, 4090000, 1, 0
8, 83, 3, 0, 0, 0, 0, 0, 2, 1, 0, 0, 0, 0, 1, 7, 0.428571, 0, 0, 0, 0, 0, 1, 68700000, 0, 0
10, 78, 3, 0, 0, 0, 1, 0, 0, 0, 0, 0, 0, 0, 0, 6, 0.5, 0, 0, 1, 1, 0, 0, 2530000, 0, 0
16, 206, 2, 1, 0, 0, 0, 0, 0, 1, 0, 1, 0, 0, 0, 5, 0.4, 0, 0, 0, 0, 0, 0, 90900000, 0, 0
16, 258, 2, 0, 0, 0, 0, 0, 3, 0, 0, 0, 0, 0, 1, 6, 0.333333, 0, 0, 0, 0, 0, 1, 26100000, 0, 0
3, 48, 3, 0, 0, 0, 2, 0, 1, 0, 0, 0, 0, 0, 0, 7, 0.428571, 0, 0, 1, 0, 0, 0, 4130000, 0, 0
29, 445, 2, 0, 0, 0, 1, 0, 1, 0, 0, 0, 0, 0, 0, 4, 0.5, 0, 0, 0, 1, 0, 0, 13900000, 0, 0
5, 86, 3, 0, 0, 0, 1, 0, 1, 0, 0, 0, 0, 0, 0, 6, 0.5, 0, 1, 0, 0, 0, 0, 156000000, 0, 0
44, 696, 2, 0, 0, 0, 0, 0, 1, 0, 0, 0, 0, 0, 0, 4, 0.5, 0, 0, 0, 1, 0, 0, 27900000, 0, 0
19, 262, 2, 0, 0, 0, 1, 0, 2, 0, 0, 0, 0, 0, 0, 5, 0.4, 0, 0, 0, 0, 0, 0, 35400000, 0, 0
5, 69, 4, 0, 0, 0, 0, 0, 2, 1, 0, 0, 0, 0, 0, 8, 0.5, 0, 0, 0, 1, 0, 0, 3360000, 0, 0
5, 33, 3, 0, 0, 0, 1, 0, 3, 0, 0, 0, 0, 0, 0, 8, 0.375, 0, 0, 0, 0, 0, 0, 45400000, 0, 0
5, 26, 4, 0, 0, 0, 0, 0, 2, 2, 0, 0, 0, 0, 0, 9, 0.444444, 0, 0, 0, 0, 0, 0, 6840000, 0, 0
5, 57, 3, 2, 0, 0, 0, 0, 1, 1, 0, 2, 0, 0, 0, 7, 0.428571, 0, 0, 0, 0, 0, 0, 2510000, 0, 0
18, 190, 2, 0, 0, 0, 1, 0, 2, 1, 0, 0, 0, 0, 0, 7, 0.285714, 0, 0, 0, 0, 0, 0, 49100000, 0, 0
9, 122, 3, 0, 0, 0, 1, 0, 0, 3, 0, 0, 0, 0, 0, 7, 0.428571, 0, 0, 0, 0, 0, 0, 13800000, 0, 0
16, 188, 3, 0, 0, 0, 1, 0, 1, 1, 0, 0, 0, 0, 0, 6, 0.5, 0, 0, 0, 0, 0, 0, 4270000, 0, 0
53, 773, 2, 0, 0, 0, 0, 0, 0, 0, 0, 0, 0, 0, 0, 4, 0.5, 0, 0, 0, 1, 0, 0, 88200000, 0, 0
13, 172, 3, 0, 0, 0, 1, 0, 1, 0, 0, 1, 0, 0, 0, 7, 0.428571, 0, 0, 0, 0, 0, 0, 11700000, 0, 0
5, 49, 4, 0, 0, 0, 3, 0, 2, 0, 0, 0, 0, 0, 0, 8, 0.5, 0, 1, 0, 0, 0, 0, 13200000, 0, 0
15, 259, 2, 0, 0, 0, 0, 0, 1, 1, 0, 0, 0, 0, 0, 5, 0.4, 0, 0, 0, 0, 0, 0, 67700000, 0, 0
21, 256, 2, 0, 0, 0, 0, 0, 0, 2, 0, 0, 0, 0, 0, 5, 0.4, 0, 0, 0, 0, 0, 0, 145000000, 0, 0
29, 520, 2, 0, 0, 0, 1, 0, 0, 1, 0, 0, 0, 0, 0, 4, 0.5, 0, 0, 0, 1, 0, 0, 53700000, 0, 0
7, 222, 2, 0, 0, 0, 1, 0, 2, 1, 0, 0, 0, 0, 0, 6, 0.333333, 0, 0, 0, 0, 0, 0, 7490000, 0, 0
8, 159, 2, 0, 1, 0, 0, 0, 0, 0, 0, 0, 0, 0, 0, 4, 0.5, 0, 0, 0, 1, 0, 0, 45100000, 0, 0
9, 156, 2, 0, 0, 0, 1, 0, 2, 0, 0, 0, 0, 0, 0, 6, 0.333333, 0, 0, 0, 0, 0, 0, 1270000, 0, 0
32, 436, 2, 0, 0, 0, 0, 0, 0, 2, 0, 0, 0, 0, 0, 5, 0.4, 0, 0, 0, 0, 0, 0, 173000000, 0, 0
6, 40, 5, 0, 0, 0, 1, 0, 2, 2, 0, 1, 0, 0, 0, 10, 0.5, 0, 0, 0, 1, 0, 0, 6530000, 0, 0
9, 86, 4, 0, 0, 0, 1, 0, 1, 1, 0, 0, 0, 0, 0, 8, 0.5, 0, 0, 0, 1, 0, 0, 3970000, 0, 0
52, 1075, 2, 0, 0, 0, 0, 0, 1, 0, 0, 0, 0, 0, 0, 4, 0.5, 0, 0, 0, 1, 0, 0, 251000000, 0, 0
47, 778, 2, 0, 0, 0, 0, 0, 0, 1, 0, 0, 0, 0, 0, 4, 0.5, 0, 0, 0, 1, 0, 0, 127000000, 0, 0
6, 38, 4, 0, 0, 0, 2, 0, 2, 0, 0, 0, 0, 0, 0, 8, 0.5, 0, 1, 0, 0, 0, 0, 16900000, 0, 0
9, 228, 2, 0, 0, 0, 0, 0, 1, 1, 0, 0, 0, 0, 0, 5, 0.4, 0, 0, 0, 0, 0, 0, 21000000, 0, 0
10, 200, 3, 0, 0, 0, 1, 0, 0, 0, 0, 1, 0, 0, 0, 6, 0.5, 0, 0, 0, 1, 0, 0, 1010000, 0, 0
2, 12, 3, 0, 0, 0, 0, 0, 0, 1, 0, 0, 0, 0, 0, 7, 0.428571, 0, 0, 0, 0, 0, 0, 42100000, 0, 0
3, 29, 3, 0, 0, 0, 0, 0, 0, 1, 0, 0, 0, 0, 0, 6, 0.5, 0, 1, 0, 0, 0, 0, 295000000, 0, 0
16, 259, 2, 0, 0, 0, 1, 0, 2, 1, 0, 0, 0, 0, 0, 6, 0.333333, 0, 0, 0, 0, 0, 0, 104000000, 0, 0
10, 122, 3, 0, 0, 0, 1, 0, 2, 0, 0, 0, 0, 0, 0, 7, 0.428571, 0, 0, 0, 0, 0, 0, 45800000, 0, 0
3, 23, 4, 0, 0, 0, 0, 0, 1, 1, 0, 0, 0, 0, 0, 7, 0.571429, 0, 1, 0, 0, 0, 0, 173000000, 0, 0
8, 189, 3, 0, 0, 0, 2, 0, 2, 1, 0, 0, 0, 0, 0, 6, 0.5, 0, 0, 0, 1, 0, 0, 2390000, 1, 0
9, 125, 3, 0, 0, 0, 1, 0, 0, 0, 0, 1, 0, 0, 0, 5, 0.6, 0, 0, 0, 1, 0, 0, 2000000, 0, 0
8, 115, 2, 0, 0, 0, 1, 0, 2, 0, 0, 0, 0, 0, 0, 5, 0.4, 0, 0, 0, 0, 0, 0, 12400000, 0, 0
27, 360, 2, 0, 0, 0, 1, 0, 2, 0, 0, 0, 0, 0, 0, 5, 0.4, 0, 0, 0, 0, 0, 0, 12400000, 0, 0
4, 55, 3, 0, 0, 0, 0, 0, 1, 1, 0, 1, 0, 0, 0, 7, 0.428571, 0, 0, 0, 0, 0, 0, 277000000, 0, 0
4, 52, 3, 0, 0, 0, 1, 0, 1, 1, 0, 0, 0, 0, 0, 7, 0.428571, 0, 0, 0, 0, 0, 0, 12400000, 0, 0
3, 9, 4, 0, 0, 0, 2, 0, 3, 0, 0, 1, 0, 0, 0, 11, 0.363636, 0, 0, 0, 0, 0, 0, 14300000, 0, 0
9, 66, 2, 1, 0, 0, 0, 0, 1, 2, 0, 1, 0, 0, 0, 6, 0.333333, 1, 0, 0, 0, 0, 0, 358000000, 0, 0
7, 81, 3, 0, 0, 0, 0, 0, 1, 2, 0, 0, 0, 0, 0, 6, 0.5, 0, 0, 0, 1, 0, 0, 352000000, 0, 0
13, 70, 3, 0, 0, 0, 0, 0, 1, 1, 0, 0, 0, 0, 0, 8, 0.375, 1, 0, 0, 0, 0, 0, 164000000, 0, 0
2, 12, 4, 0, 0, 0, 1, 0, 2, 1, 0, 0, 0, 0, 0, 9, 0.444444, 0, 1, 0, 0, 0, 0, 4840000, 0, 0
12, 155, 2, 1, 0, 1, 1, 0, 1, 0, 0, 1, 0, 0, 0, 6, 0.333333, 0, 0, 0, 0, 1, 0, 8700000, 0, 0
11, 55, 3, 0, 0, 0, 1, 0, 2, 0, 0, 0, 0, 0, 0, 7, 0.428571, 0, 0, 0, 0, 0, 0, 7840000, 0, 0
16, 320, 2, 0, 0, 0, 0, 0, 0, 0, 0, 0, 0, 0, 0, 4, 0.5, 0, 0, 0, 1, 0, 0, 633000, 0, 0
24, 405, 2, 0, 0, 0, 0, 0, 1, 0, 0, 0, 0, 0, 0, 5, 0.4, 0, 0, 0, 1, 0, 0, 2570000, 0, 0
6, 46, 4, 0, 0, 0, 1, 0, 3, 2, 0, 0, 0, 0, 0, 10, 0.4, 0, 0, 0, 0, 0, 0, 469000, 1, 0
22, 262, 3, 0, 0, 0, 0, 0, 0, 1, 0, 0, 0, 0, 0, 5, 0.6, 0, 1, 0, 0, 0, 0, 729000, 0, 0
35, 662, 2, 0, 0, 0, 0, 0, 1, 1, 0, 0, 0, 0, 0, 4, 0.5, 0, 0, 0, 1, 0, 0, 75700000, 0, 0
1, 27, 4, 0, 0, 0, 1, 0, 2, 1, 0, 0, 0, 0, 0, 7, 0.571429, 0, 1, 0, 0, 0, 0, 1590000, 0, 0
4, 27, 4, 0, 0, 0, 1, 0, 5, 0, 0, 1, 0, 0, 1, 11, 0.363636, 0, 0, 0, 0, 0, 1, 678000, 0, 0
12, 209, 2, 0, 0, 0, 1, 0, 2, 0, 0, 0, 0, 0, 0, 5, 0.4, 0, 0, 0, 0, 0, 0, 2160000, 0, 0
20, 271, 2, 0, 0, 0, 0, 0, 0, 1, 0, 0, 0, 0, 0, 5, 0.4, 0, 0, 0, 0, 0, 0, 181000000, 1, 0
24, 488, 2, 0, 0, 0, 1, 0, 1, 1, 0, 0, 0, 0, 0, 5, 0.4, 0, 0, 0, 0, 0, 0, 261000000, 0, 0
6, 174, 2, 0, 0, 0, 0, 0, 0, 2, 0, 0, 0, 0, 0, 5, 0.4, 0, 0, 0, 0, 0, 0, 177000000, 0, 0
4, 41, 2, 0, 0, 0, 0, 0, 2, 1, 0, 1, 0, 0, 0, 6, 0.333333, 0, 0, 0, 0, 0, 0, 51300000, 0, 0
13, 183, 3, 0, 0, 0, 1, 0, 1, 1, 0, 1, 0, 0, 0, 7, 0.428571, 0, 0, 0, 0, 0, 0, 9230000, 0, 0
8, 133, 3, 0, 0, 0, 1, 0, 1, 0, 0, 1, 0, 0, 0, 5, 0.6, 0, 1, 0, 0, 0, 0, 4650000, 0, 0
29, 576, 2, 0, 0, 0, 0, 0, 0, 1, 0, 1, 0, 0, 0, 4, 0.5, 0, 0, 0, 1, 0, 0, 282000000, 0, 0
2, 12, 5, 0, 0, 0, 2, 0, 0, 1, 0, 0, 0, 0, 0, 9, 0.555556, 0, 1, 0, 0, 0, 0, 11700000, 0, 0
4, 19, 5, 0, 0, 0, 1, 0, 0, 0, 0, 1, 0, 0, 0, 8, 0.625, 0, 1, 0, 0, 0, 0, 51800000, 0, 0
18, 249, 2, 0, 0, 0, 0, 0, 1, 0, 1, 0, 0, 0, 0, 5, 0.4, 0, 0, 0, 0, 0, 0, 33100000, 0, 0
35, 462, 3, 0, 0, 0, 1, 0, 1, 0, 0, 1, 0, 0, 0, 6, 0.5, 0, 0, 0, 1, 0, 0, 22000000, 0, 0
3, 15, 4, 0, 0, 0, 1, 0, 0, 2, 0, 0, 0, 0, 0, 8, 0.5, 0, 0, 0, 0, 0, 0, 10900000, 0, 0
6, 39, 3, 0, 0, 0, 0, 0, 1, 2, 0, 0, 0, 0, 0, 7, 0.428571, 0, 0, 0, 0, 0, 0, 45200000, 0, 0
3, 10, 4, 0, 0, 0, 1, 0, 1, 2, 0, 0, 0, 0, 0, 9, 0.444444, 0, 0, 0, 0, 0, 0, 3340000, 0, 0
11, 194, 2, 0, 0, 0, 0, 0, 1, 1, 0, 0, 0, 0, 0, 5, 0.4, 0, 0, 0, 1, 0, 0, 848000000, 0, 0
33, 437, 2, 0, 0, 0, 1, 0, 2, 0, 0, 0, 0, 0, 0, 5, 0.4, 0, 0, 0, 0, 0, 0, 463000000, 0, 0
